,TIME,TEMP,UTIL,AVG_UTIL,FREQ,AVG_EP_REW,REW
0,1623003345.4716432,48.70000076293945,19.209999084472656,1.9210000038146973,700000,-127.53321636831055,-127.53321636831055
1,1623003346.5460675,49.099998474121094,19.209999084472656,3.8420000076293945,700000,-262.05112636235015,-134.51790999403963
2,1623003347.623591,48.70000076293945,19.200000762939453,5.76200008392334,700000,-406.0281079483327,-143.97698158598254
3,1623003348.6735601,48.20000076293945,19.200000762939453,7.682000160217285,1300000,-538.4601397835522,-132.43203183521948
4,1623003349.747994,47.70000076293945,19.200000762939453,9.60200023651123,700000,-568.6861185468084,-30.225978763256172
5,1623003350.8186624,47.20000076293945,19.200000762939453,11.522000312805176,700000,-576.0157721762978,-7.329653629489335
6,1623003351.8673894,47.70000076293945,19.200000762939453,13.442000389099121,1200000,-715.8895895173571,-139.87381734105924
7,1623003352.9565673,47.70000076293945,19.190000534057617,15.361000061035156,700000,-725.9368252588268,-10.04723574146973
8,1623003354.036691,48.20000076293945,19.190000534057617,17.280000686645508,700000,-721.1876099685329,4.749215290293909
9,1623003355.0821352,46.70000076293945,19.190000534057617,19.198999404907227,1500000,-866.0925200464959,-144.90491007796297
10,1623003356.1653965,48.70000076293945,19.190000534057617,19.19700050354004,700000,-881.6103854644235,-15.517865417927645
11,1623003357.2207575,47.70000076293945,19.18000030517578,19.194000244140625,1200000,-1026.8230034432536,-145.2126179788301
12,1623003358.3033378,47.20000076293945,19.18000030517578,19.191999435424805,700000,-1034.4503834674888,-7.627380024235109
13,1623003359.3991976,46.20000076293945,19.18000030517578,19.190000534057617,600000,-1244.855565364245,-210.4051818967561
14,1623003360.4841058,47.20000076293945,19.18000030517578,19.187999725341797,700000,-1242.612305535462,2.243259828782959
15,1623003361.5411625,46.70000076293945,19.18000030517578,19.18600082397461,1100000,-1389.7487033047908,-147.1363977693289
16,1623003362.6257498,46.70000076293945,19.170000076293945,19.183000564575195,700000,-1395.0077597574086,-5.259056452617935
17,1623003363.6788025,46.70000076293945,19.170000076293945,19.180999755859375,1300000,-1539.1462409872274,-144.1384812298188
18,1623003364.7633018,46.70000076293945,19.170000076293945,19.179000854492188,700000,-1549.537905691584,-10.39166470435648
19,1623003365.82504,47.20000076293945,19.170000076293945,19.177000045776367,1000000,-1700.9548849506011,-151.4169792590172
20,1623003366.9066646,48.20000076293945,19.170000076293945,19.174999237060547,700000,-1703.7176752523696,-2.7627903017684705
21,1623003367.9907491,46.70000076293945,19.15999984741211,19.17300033569336,700000,-1698.8538873718965,4.863787880473238
22,1623003369.0756526,46.20000076293945,19.15999984741211,19.17099952697754,700000,-1694.1185579163093,4.735329455587026
23,1623003370.1576605,46.70000076293945,19.15999984741211,19.16900062561035,700000,-1689.256654719954,4.8619031963553265
24,1623003371.2487545,46.20000076293945,19.15999984741211,19.16699981689453,700000,-1684.3956967436818,4.860957976272088
25,1623003372.3291674,46.20000076293945,19.15999984741211,19.165000915527344,700000,-1679.6632047521996,4.7324919914822114
26,1623003373.4184542,46.70000076293945,19.149999618530273,19.163000106811523,700000,-1675.0624090917802,4.600795660419315
27,1623003374.5031374,47.20000076293945,19.149999618530273,19.160999298095703,700000,-1670.2043018997992,4.858107191981047
28,1623003375.5849907,46.20000076293945,19.149999618530273,19.159000396728516,700000,-1665.4746673558773,4.729634543922037
29,1623003376.6707282,46.70000076293945,19.149999618530273,19.156999588012695,700000,-1660.745989126195,4.728678229682307
30,1623003377.7551613,46.70000076293945,19.149999618530273,19.155000686645508,700000,-1655.7663834817179,4.979605644477078
31,1623003378.8031123,45.70000076293945,19.139999389648438,19.152999877929688,1500000,-1799.9545950705929,-144.18821158887505
32,1623003379.8524594,46.20000076293945,19.139999389648438,19.150999069213867,1300000,-1934.3203768199817,-134.3657817493888
33,1623003380.914631,47.70000076293945,19.139999389648438,19.14900016784668,1000000,-2085.543907077824,-151.22353025784216
34,1623003382.0095265,47.70000076293945,19.139999389648438,19.14699935913086,600000,-2302.5106208086213,-216.96671373079747
35,1623003383.099826,47.20000076293945,19.1299991607666,19.143999099731445,700000,-2300.16069874184,2.3499220667814864
36,1623003384.1847365,46.20000076293945,19.1299991607666,19.142000198364258,700000,-2295.3117505589257,4.848948182914354
37,1623003385.2670019,46.20000076293945,19.1299991607666,19.139999389648438,700000,-2290.856096570025,4.455653988900928
38,1623003386.348187,47.70000076293945,19.1299991607666,19.13800048828125,700000,-2286.1366195285877,4.7194770414372496
39,1623003387.3962233,46.70000076293945,19.1299991607666,19.13599967956543,1400000,-2430.06023793492,-143.92361840633248
40,1623003388.481566,46.70000076293945,19.1200008392334,19.132999420166016,700000,-2442.7156973766796,-12.655459441759206
41,1623003389.5665212,46.20000076293945,19.1200008392334,19.131000518798828,700000,-2438.1304063254493,4.585291051230207
42,1623003390.6498923,47.20000076293945,19.1200008392334,19.128999710083008,700000,-2433.2878392426887,4.8425670827607075
43,1623003391.7334201,46.20000076293945,19.1200008392334,19.12700080871582,700000,-2428.201090576294,5.0867486663946035
44,1623003392.813176,45.20000076293945,19.110000610351562,19.124000549316406,700000,-2423.619266943514,4.581823632779965
45,1623003393.9034276,47.20000076293945,19.110000610351562,19.121999740600586,700000,-2419.172494064821,4.446772878693275
46,1623003394.9502063,47.70000076293945,19.110000610351562,19.1200008392334,1400000,-2563.2101922491747,-144.0376981843539
47,1623003396.034415,47.20000076293945,19.110000610351562,19.118000030517578,700000,-2576.1313626069796,-12.921170357805046
48,1623003397.115745,47.20000076293945,19.110000610351562,19.115999221801758,700000,-2571.4232907293203,4.708071877659057
49,1623003398.195402,46.70000076293945,19.100000381469727,19.113000869750977,700000,-2566.7162249377993,4.707065791521179
50,1623003399.2748048,46.70000076293945,19.100000381469727,19.111000061035156,700000,-2561.8826498121693,4.83357512562999
51,1623003400.3559074,46.20000076293945,19.100000381469727,19.108999252319336,700000,-2557.050084251884,4.832565560285415
52,1623003401.4360619,46.20000076293945,19.100000381469727,19.10700035095215,700000,-2552.476794849568,4.573289402316355
53,1623003402.5298061,47.20000076293945,19.100000381469727,19.104999542236328,600000,-2760.814676938388,-208.33788208882004
54,1623003403.621622,46.20000076293945,19.09000015258789,19.10300064086914,700000,-2758.877474340893,1.937202597494811
55,1623003404.6705272,47.70000076293945,19.09000015258789,19.10099983215332,1400000,-2902.7633166479145,-143.8858423070215
56,1623003405.7541943,46.70000076293945,19.09000015258789,19.099000930786133,700000,-2915.56335274472,-12.80003609680552
57,1623003406.8376586,46.70000076293945,19.09000015258789,19.097000122070312,700000,-2910.86492496685,4.698427777869915
58,1623003407.923452,46.70000076293945,19.079999923706055,19.0939998626709,700000,-2906.298270141284,4.566654825566154
59,1623003409.0056138,47.20000076293945,19.079999923706055,19.091999053955078,700000,-2901.350011112112,4.948259029171598
60,1623003410.0993032,45.70000076293945,19.079999923706055,19.09000015258789,600000,-3109.4978032331937,-208.14779212108155
61,1623003411.1874788,46.70000076293945,19.079999923706055,19.08799934387207,700000,-3107.5682969338795,1.929506299313993
62,1623003412.272738,47.70000076293945,19.079999923706055,19.086000442504883,700000,-3102.875543698063,4.692753235816232
63,1623003413.357255,46.70000076293945,19.06999969482422,19.08300018310547,700000,-3098.05631222057,4.819231477493146
64,1623003414.4140122,46.20000076293945,19.06999969482422,19.08099937438965,1200000,-3243.1075031102537,-145.0511908896839
65,1623003415.5032532,47.20000076293945,19.06999969482422,19.07900047302246,700000,-3250.9178737447783,-7.810370634524524
66,1623003416.5889843,46.70000076293945,19.06999969482422,19.07699966430664,700000,-3246.2292894446787,4.688584300099668
67,1623003417.6362362,46.70000076293945,19.06999969482422,19.075000762939453,1500000,-3390.5977653271257,-144.3684758824469
68,1623003418.7159,47.20000076293945,19.059999465942383,19.072999954223633,700000,-3405.9112798154465,-15.313514488320628
69,1623003419.812838,46.70000076293945,19.059999465942383,19.070999145507812,600000,-3613.922341219612,-208.0110614041655
70,1623003420.9015598,47.70000076293945,19.059999465942383,19.069000244140625,700000,-3611.737962376807,2.1843788428050654
71,1623003421.9859142,46.70000076293945,19.059999465942383,19.066999435424805,700000,-3607.1859153813084,4.552046995498465
72,1623003423.0706565,47.20000076293945,19.049999237060547,19.06399917602539,700000,-3602.3766644652387,4.80925091606967
73,1623003424.12571,46.20000076293945,19.049999237060547,19.062000274658203,1200000,-3747.1424476505317,-144.76578318529317
74,1623003425.2104495,46.20000076293945,19.049999237060547,19.059999465942383,700000,-3754.962841021424,-7.8203933708923685
75,1623003426.2962265,46.70000076293945,19.049999237060547,19.058000564575195,700000,-3750.415047319999,4.547793701425142
76,1623003427.3785791,47.20000076293945,19.049999237060547,19.055999755859375,700000,-3745.738112248891,4.67693507110784
77,1623003428.4644666,46.70000076293945,19.040000915527344,19.05299949645996,700000,-3740.934731226669,4.803381022222011
78,1623003429.5498102,46.20000076293945,19.040000915527344,19.051000595092773,700000,-3736.1324251387177,4.802306087951235
79,1623003430.6093016,46.20000076293945,19.040000915527344,19.048999786376953,1100000,-3883.0421567754374,-146.90973163671984
80,1623003431.6933722,46.70000076293945,19.040000915527344,19.047000885009766,700000,-3888.6343252113174,-5.5921684358798345
81,1623003432.746609,47.70000076293945,19.040000915527344,19.045000076293945,1200000,-4033.3758223989475,-144.74149718762993
82,1623003433.8302186,46.20000076293945,19.030000686645508,19.042999267578125,700000,-4041.3360996060946,-7.9602772071472785
83,1623003434.9133313,47.20000076293945,19.030000686645508,19.041000366210938,700000,-4036.539199443693,4.796900162401483
84,1623003436.000284,46.20000076293945,19.030000686645508,19.038999557495117,800000,-4049.264924714594,-12.725725270900803
85,1623003437.0617468,47.70000076293945,19.030000686645508,19.03700065612793,1000000,-4197.497655669755,-148.2327309551606
86,1623003438.145512,46.70000076293945,19.020000457763672,19.034000396728516,700000,-4200.462835983434,-2.965180313679248
87,1623003439.2266307,47.20000076293945,19.020000457763672,19.031999588012695,700000,-4195.798365518616,4.664470464818342
88,1623003440.3133051,46.70000076293945,19.020000457763672,19.030000686645508,700000,-4191.00747566535,4.790889853266036
89,1623003441.393359,46.20000076293945,19.020000457763672,19.027999877929688,700000,-4186.475949696037,4.53152596931357
90,1623003442.4751704,47.20000076293945,19.020000457763672,19.025999069213867,700000,-4181.8153312591985,4.660618436838822
91,1623003443.571031,46.70000076293945,19.010000228881836,19.023000717163086,700000,-4177.02830120702,4.787030052178535
92,1623003444.6558993,46.20000076293945,19.010000228881836,19.020999908447266,700000,-4172.24237940334,4.785921803680166
93,1623003445.717876,46.20000076293945,19.010000228881836,19.018999099731445,1000000,-4322.941109961772,-150.6987305584321
94,1623003446.7984753,46.70000076293945,19.010000228881836,19.017000198364258,700000,-4325.915673667263,-2.97456370549083
95,1623003447.878095,47.20000076293945,19.010000228881836,19.014999389648438,700000,-4321.133087812068,4.7825858551946805
96,1623003448.9399352,46.20000076293945,19.0,19.01300048828125,1100000,-4468.113563206233,-146.98047539416564
97,1623003450.0124068,47.20000076293945,19.0,19.01099967956543,800000,-4485.650487909632,-17.536924703398704
98,1623003451.0735185,46.70000076293945,19.0,19.009000778198242,1000000,-4633.95996377682,-148.3094758671881
99,1623003452.1577692,47.20000076293945,19.0,19.006999969482422,700000,-4637.07473991956,-3.114776142739977
100,1623003453.2434156,47.70000076293945,18.989999771118164,19.003999710083008,700000,-4632.298323093194,4.776416826365361
101,1623003454.3283296,46.20000076293945,18.989999771118164,19.00200080871582,700000,-4627.781299021417,4.51702407177671
102,1623003455.4143016,47.20000076293945,18.989999771118164,19.0,700000,-4623.134660750943,4.646638270474119
103,1623003456.5006387,46.70000076293945,18.989999771118164,18.99799919128418,700000,-4618.61990095472,4.514759796223423
104,1623003457.5815337,47.20000076293945,18.989999771118164,18.996000289916992,700000,-4613.976099696562,4.643801258157401
105,1623003458.6662111,46.70000076293945,18.979999542236328,18.993000030517578,700000,-4609.205920137293,4.77017955926952
106,1623003459.750904,46.20000076293945,18.979999542236328,18.990999221801758,700000,-4604.564398693495,4.64152144379816
107,1623003460.8359592,46.70000076293945,18.979999542236328,18.98900032043457,700000,-4599.9240210321,4.640377661394487
108,1623003461.9233968,46.70000076293945,18.979999542236328,18.98699951171875,700000,-4595.284788281374,4.639232750726114
109,1623003463.0098383,46.70000076293945,18.979999542236328,18.985000610351562,700000,-4590.646703754525,4.638084526849019
110,1623003464.0916073,46.70000076293945,18.969999313354492,18.982999801635742,700000,-4586.0097685755845,4.636935178941249
111,1623003465.1734884,46.70000076293945,18.969999313354492,18.981000900268555,700000,-4581.246468419951,4.7633001556331305
112,1623003466.253555,46.20000076293945,18.969999313354492,18.979000091552734,700000,-4576.611840793506,4.634627626444532
113,1623003467.3334098,46.70000076293945,18.969999313354492,18.976999282836914,700000,-4571.726482309602,4.885358483904443
114,1623003468.4161518,45.70000076293945,18.969999313354492,18.975000381469727,700000,-4567.094170016602,4.632312293000018
115,1623003469.5114841,46.70000076293945,18.959999084472656,18.972999572753906,700000,-4562.211131303382,4.8830387132205315
116,1623003470.6105092,45.70000076293945,18.959999084472656,18.97100067138672,600000,-4767.857165306119,-205.64603400273668
117,1623003471.701597,46.70000076293945,18.959999084472656,18.9689998626709,700000,-4765.728343217165,2.128822088953944
118,1623003472.786717,46.70000076293945,18.959999084472656,18.966999053955078,700000,-4760.97317058515,4.755172632014974
119,1623003473.8720908,46.20000076293945,18.959999084472656,18.96500015258789,700000,-4756.47743179506,4.495738790090748
120,1623003474.9580696,47.20000076293945,18.950000762939453,18.96299934387207,700000,-4751.600231912385,4.877199882674435
121,1623003476.0431876,45.70000076293945,18.950000762939453,18.961000442504883,700000,-4747.106839533351,4.493392379034383
122,1623003477.1281972,47.20000076293945,18.950000762939453,18.958999633789062,700000,-4742.483877361257,4.622962172093869
123,1623003478.214373,46.70000076293945,18.950000762939453,18.957000732421875,700000,-4737.610207643188,4.873669718069695
124,1623003479.281434,45.70000076293945,18.950000762939453,18.954999923706055,900000,-4895.0299179503245,-157.4197103071368
125,1623003480.3632777,46.20000076293945,18.940000534057617,18.952999114990234,700000,-4895.410499263022,-0.38058131269711204
126,1623003481.4586194,46.70000076293945,18.940000534057617,18.951000213623047,600000,-5100.387257266673,-204.97675800365107
127,1623003482.544529,45.70000076293945,18.940000534057617,18.948999404907227,700000,-5098.142693984523,2.244563282150464
128,1623003483.63226,46.20000076293945,18.940000534057617,18.94700050354004,700000,-5093.527434240699,4.615259743823733
129,1623003484.717295,46.70000076293945,18.93000030517578,18.944000244140625,700000,-5088.661481387277,4.865952853422459
130,1623003485.8017468,45.70000076293945,18.93000030517578,18.941999435424805,700000,-5084.0486102294535,4.612871157822985
131,1623003486.8869028,46.70000076293945,18.93000030517578,18.940000534057617,700000,-5079.43693726579,4.6116729636635
132,1623003487.9728253,46.70000076293945,18.93000030517578,18.937999725341797,700000,-5074.698945930639,4.737991335151817
133,1623003489.0383916,46.20000076293945,18.93000030517578,18.93600082397461,1000000,-5225.360422988012,-150.66147705737365
134,1623003490.124642,47.20000076293945,18.920000076293945,18.933000564575195,700000,-5228.1254418324625,-2.765018844450056
135,1623003491.2076962,46.20000076293945,18.920000076293945,18.930999755859375,700000,-5223.649931121727,4.4755107107358825
136,1623003492.2928743,47.20000076293945,18.920000076293945,18.929000854492188,700000,-5218.792998190927,4.85693293079949
137,1623003493.343818,45.70000076293945,18.920000076293945,18.927000045776367,1300000,-5362.744723165476,-143.95172497454894
138,1623003494.4276838,47.20000076293945,18.920000076293945,18.924999237060547,700000,-5372.890216558382,-10.145493392906214
139,1623003495.513324,45.70000076293945,18.90999984741211,18.92300033569336,700000,-5368.288813885583,4.601402672798988
140,1623003496.5921648,46.70000076293945,18.90999984741211,18.92099952697754,700000,-5363.56111170115,4.727702184432841
141,1623003497.6502645,46.20000076293945,18.90999984741211,18.91900062561035,1500000,-5507.773587446268,-144.21247574511779
142,1623003498.715918,47.20000076293945,18.90999984741211,18.91699981689453,900000,-5675.22581989679,-167.45223245052193
143,1623003499.7996984,46.70000076293945,18.90999984741211,18.915000915527344,700000,-5675.501787748445,-0.27596785165531124
144,1623003500.8835785,46.20000076293945,18.899999618530273,18.913000106811523,700000,-5670.9065014188955,4.59528632954977
145,1623003501.9679303,46.70000076293945,18.899999618530273,18.910999298095703,700000,-5666.184926671868,4.721574747027132
146,1623003503.0534868,46.20000076293945,18.899999618530273,18.909000396728516,700000,-5661.592102185109,4.592824486758806
147,1623003504.1100037,46.70000076293945,18.899999618530273,18.906999588012695,1100000,-5808.529968202432,-146.93786601732296
148,1623003505.190831,47.70000076293945,18.899999618530273,18.905000686645508,700000,-5813.939614437178,-5.409646234744992
149,1623003506.2762086,46.70000076293945,18.889999389648438,18.902999877929688,700000,-5809.222982311376,4.716632125802333
150,1623003507.3610263,46.20000076293945,18.889999389648438,18.900999069213867,700000,-5804.507590504295,4.71539180708079
151,1623003508.4494057,46.20000076293945,18.889999389648438,18.89900016784668,700000,-5799.920960062225,4.586630442069923
152,1623003509.537718,46.70000076293945,18.889999389648438,18.89699935913086,700000,-5794.962388980578,4.958571081647483
153,1623003510.6382806,45.20000076293945,18.889999389648438,18.895000457763672,600000,-5998.653914864151,-203.69152588357343
154,1623003511.729237,45.20000076293945,18.8799991607666,18.89299964904785,700000,-5996.4435088936425,2.2104059705091554
155,1623003512.803282,46.20000076293945,18.8799991607666,18.891000747680664,800000,-6009.3083454797,-12.864836586057018
156,1623003513.8931007,46.70000076293945,18.8799991607666,18.888999938964844,700000,-6007.100446942817,2.2078985368828494
157,1623003514.955355,46.20000076293945,18.8799991607666,18.886999130249023,1100000,-6153.74017748599,-146.6397305431733
158,1623003516.043409,46.70000076293945,18.8799991607666,18.885000228881836,700000,-6159.034794068409,-5.294616582419026
159,1623003517.1284149,46.20000076293945,18.8700008392334,18.882999420166016,700000,-6154.588934346747,4.445859721662053
160,1623003518.21318,47.20000076293945,18.8700008392334,18.881000518798828,700000,-6150.013592569223,4.575341777523908
161,1623003519.2959256,46.70000076293945,18.8700008392334,18.878999710083008,700000,-6145.311997874253,4.701594694970025
162,1623003520.376295,46.20000076293945,18.8700008392334,18.87700080871582,700000,-6140.739188973457,4.572808900796408
163,1623003521.4626489,46.70000076293945,18.8700008392334,18.875,700000,-6136.167650446588,4.5715385268694515
164,1623003522.5495546,46.70000076293945,18.860000610351562,18.87299919128418,700000,-6131.728129067751,4.43952137883641
165,1623003523.6389506,47.20000076293945,18.860000610351562,18.871000289916992,700000,-6127.031619095753,4.696509971998095
166,1623003524.6903572,46.20000076293945,18.860000610351562,18.868999481201172,1300000,-6270.652582340206,-143.62096324445366
167,1623003525.748248,46.20000076293945,18.860000610351562,18.867000579833984,1100000,-6412.131461145064,-141.47887880485814
168,1623003526.833532,46.20000076293945,18.860000610351562,18.864999771118164,700000,-6417.314417284442,-5.182956139378202
169,1623003527.9234471,45.70000076293945,18.850000381469727,18.863000869750977,700000,-6412.498657122168,4.815760162274617
170,1623003529.011438,45.70000076293945,18.850000381469727,18.861000061035156,700000,-6408.066815508841,4.431841613327258
171,1623003530.0981772,47.20000076293945,18.850000381469727,18.858999252319336,700000,-6403.505515041903,4.561300466937658
172,1623003531.1846044,46.70000076293945,18.850000381469727,18.85700035095215,700000,-6398.946150334461,4.559364707442219
173,1623003532.267426,46.70000076293945,18.84000015258789,18.854000091552734,700000,-6394.38807932027,4.558071014191347
174,1623003533.3525686,46.70000076293945,18.84000015258789,18.851999282836914,700000,-6389.703785342644,4.684293977626508
175,1623003534.4392629,46.20000076293945,18.84000015258789,18.850000381469727,700000,-6385.148307141784,4.555478200859829
176,1623003535.5245082,46.70000076293945,18.84000015258789,18.847999572753906,700000,-6380.724873823291,4.423433318493515
177,1623003536.609899,47.20000076293945,18.84000015258789,18.84600067138672,700000,-6376.303394580343,4.421479242948017
178,1623003537.6933289,47.20000076293945,18.829999923706055,18.843000411987305,700000,-6371.752475478707,4.550919101635435
179,1623003538.7738907,46.70000076293945,18.829999923706055,18.840999603271484,700000,-6367.333609025136,4.418866453571177
180,1623003539.8552945,47.20000076293945,18.829999923706055,18.839000701904297,700000,-6362.657789512308,4.675819512827571
181,1623003540.9383428,46.20000076293945,18.829999923706055,18.836999893188477,700000,-6357.983282570582,4.674506941726191
182,1623003542.027366,46.20000076293945,18.829999923706055,18.834999084472656,700000,-6353.185719947075,4.797562623506908
183,1623003543.1162572,45.70000076293945,18.81999969482422,18.83300018310547,700000,-6348.641361198428,4.544358748647317
184,1623003544.2003915,46.70000076293945,18.81999969482422,18.83099937438965,700000,-6344.2290661920015,4.41229500642654
185,1623003545.283431,47.20000076293945,18.81999969482422,18.82900047302246,700000,-6339.435460010819,4.793606181182812
186,1623003546.3716311,45.70000076293945,18.81999969482422,18.82699966430664,700000,-6334.895063104862,4.540396905957541
187,1623003547.4530478,46.70000076293945,18.81999969482422,18.825000762939453,700000,-6330.228474452384,4.666588652478309
188,1623003548.5379348,46.20000076293945,18.809999465942383,18.822999954223633,700000,-6325.438844696981,4.789629755403399
189,1623003549.623439,45.70000076293945,18.809999465942383,18.820999145507812,700000,-6320.90243087372,4.536413823260991
190,1623003550.7167954,46.70000076293945,18.809999465942383,18.819000244140625,600000,-6523.398642221292,-202.4962113475722
191,1623003551.8046753,46.70000076293945,18.809999465942383,18.816999435424805,700000,-6521.237376821877,2.1612653994156386
192,1623003552.8664858,46.20000076293945,18.809999465942383,18.815000534057617,1000000,-6671.5281064342635,-150.29072961238717
193,1623003553.954592,46.70000076293945,18.799999237060547,18.812999725341797,700000,-6674.369515979449,-2.8414095451849324
194,1623003555.039803,46.20000076293945,18.799999237060547,18.81100082397461,700000,-6669.712266966371,4.657249013077516
195,1623003556.1265154,46.20000076293945,18.799999237060547,18.80900001525879,700000,-6665.314625025389,4.397641940982176
196,1623003557.2030056,47.20000076293945,18.799999237060547,18.80699920654297,800000,-6678.541856525522,-13.227231500132866
197,1623003558.2845135,47.20000076293945,18.799999237060547,18.80500030517578,700000,-6676.5161615242805,2.0256950012416635
198,1623003559.3638098,46.70000076293945,18.790000915527344,18.80299949645996,700000,-6671.618630165994,4.897531358287216
199,1623003560.4496455,45.20000076293945,18.790000915527344,18.801000595092773,700000,-6666.9681191076825,4.650511058311023
200,1623003561.5358548,46.20000076293945,18.790000915527344,18.798999786376953,700000,-6662.1945923048615,4.773526802821126
201,1623003562.6216376,45.70000076293945,18.790000915527344,18.797000885009766,700000,-6657.674309352279,4.520282952582809
202,1623003563.709805,46.70000076293945,18.790000915527344,18.795000076293945,700000,-6653.155385609445,4.518923742833598
203,1623003564.7942362,46.70000076293945,18.780000686645508,18.792999267578125,700000,-6648.768567765781,4.386817843664495
204,1623003565.8801935,47.20000076293945,18.780000686645508,18.791000366210938,700000,-6643.718880377758,5.049687388022958
205,1623003566.9389088,46.20000076293945,28.889999389648438,19.799999237060547,1100000,-6791.752760123575,-148.03387974581682
206,1623003568.023532,46.20000076293945,18.780000686645508,19.79800033569336,700000,-6796.57919192128,-4.826431797704682
207,1623003569.1102931,45.70000076293945,18.780000686645508,19.79599952697754,700000,-6791.530116368997,5.0490755522820745
208,1623003570.1960082,46.20000076293945,18.780000686645508,19.795000076293945,700000,-6786.481289577628,5.04882679137013
209,1623003571.2648823,46.20000076293945,18.770000457763672,19.792999267578125,900000,-6946.123520654859,-159.64223107723092
210,1623003572.3497412,46.70000076293945,18.770000457763672,19.791000366210938,700000,-6946.202715450308,-0.07919479544823993
211,1623003573.442645,46.70000076293945,18.770000457763672,19.788999557495117,700000,-6941.412911191906,4.78980425840205
212,1623003574.5280862,47.20000076293945,18.770000457763672,19.78700065612793,700000,-6936.364972191951,5.047938999954438
213,1623003575.6083364,46.20000076293945,18.770000457763672,19.785999298095703,700000,-6931.444809342128,4.920162849823447
214,1623003576.6627324,46.70000076293945,18.760000228881836,19.784000396728516,1400000,-7074.83868842673,-143.3938790846026
215,1623003577.7226686,46.20000076293945,18.760000228881836,18.770999908447266,1000000,-7227.413899145854,-152.5752107191241
216,1623003578.8086634,46.20000076293945,18.760000228881836,18.768999099731445,700000,-7230.160952505045,-2.747053359191522
217,1623003579.8943186,45.70000076293945,18.760000228881836,18.767000198364258,700000,-7225.4093961664175,4.75155633862737
218,1623003580.9787896,45.70000076293945,18.760000228881836,18.764999389648438,700000,-7220.783600243474,4.625795922943693
219,1623003582.0651774,46.20000076293945,18.75,18.76300048828125,700000,-7216.1591990641855,4.624401179289178
220,1623003583.1484811,46.20000076293945,18.75,18.76099967956543,700000,-7211.536193517577,4.623005546608523
221,1623003584.2383711,46.20000076293945,18.75,18.759000778198242,700000,-7207.172850564659,4.363342952918522
222,1623003585.323292,47.20000076293945,18.75,18.756999969482422,700000,-7202.680163252145,4.492687312514567
223,1623003586.3808208,46.70000076293945,18.75,18.7549991607666,1100000,-7349.2306396127005,-146.55047636055562
224,1623003587.4626973,47.20000076293945,18.739999771118164,18.753000259399414,700000,-7354.740760438181,-5.510120825480223
225,1623003588.5474195,46.70000076293945,18.739999771118164,18.750999450683594,700000,-7350.0004011282135,4.7403593099674195
226,1623003589.6354377,45.70000076293945,18.739999771118164,18.749000549316406,700000,-7345.385821328359,4.614579799854537
227,1623003590.7206814,46.20000076293945,18.739999771118164,18.746999740600586,700000,-7341.030916101144,4.354905227215916
228,1623003591.806639,47.20000076293945,18.739999771118164,18.7450008392334,700000,-7336.677425605271,4.35349049587203
229,1623003592.8925972,47.20000076293945,18.729999542236328,18.743000030517578,700000,-7332.19460629602,4.482819309252127
230,1623003593.9792526,46.70000076293945,18.729999542236328,18.740999221801758,700000,-7327.713204807761,4.481401488258461
231,1623003595.0671499,46.70000076293945,18.729999542236328,18.73900032043457,700000,-7323.3639704806355,4.349234327125778
232,1623003596.1532204,47.20000076293945,18.729999542236328,18.73699951171875,700000,-7318.885412645223,4.478557835412394
233,1623003597.2384677,46.70000076293945,18.729999542236328,18.735000610351562,700000,-7314.408280645897,4.477131999325982
234,1623003598.3263752,46.70000076293945,18.719999313354492,18.732999801635742,700000,-7309.9325753420435,4.475705303853507
235,1623003599.4133346,46.70000076293945,18.719999313354492,18.731000900268555,700000,-7305.589046082269,4.3435292597739945
236,1623003600.4993224,47.20000076293945,18.719999313354492,18.729000091552734,700000,-7301.2469493218505,4.342096760418464
237,1623003601.5461235,47.20000076293945,18.719999313354492,18.726999282836914,1500000,-7445.009162222981,-143.7622129011309
238,1623003602.6296313,46.20000076293945,18.719999313354492,18.725000381469727,700000,-7460.411672347219,-15.402510124237992
239,1623003603.7134564,46.20000076293945,18.709999084472656,18.722999572753906,700000,-7456.073883669648,4.337788677570963
240,1623003604.7985268,47.20000076293945,18.709999084472656,18.72100067138672,700000,-7451.60679060786,4.46709306178831
241,1623003605.8833983,46.70000076293945,18.709999084472656,18.7189998626709,700000,-7447.013623508127,4.593167099732623
242,1623003606.9627554,46.20000076293945,18.709999084472656,18.716999053955078,700000,-7442.421900854941,4.591722653186535
243,1623003608.042785,46.20000076293945,18.709999084472656,18.71500015258789,700000,-7437.9591438893685,4.462756965572671
244,1623003609.1294677,46.70000076293945,18.700000762939453,18.71299934387207,700000,-7433.497835807581,4.461308081787186
245,1623003610.2130692,46.70000076293945,18.700000762939453,18.711000442504883,700000,-7429.037980212839,4.459855594742299
246,1623003611.299963,46.70000076293945,18.700000762939453,18.708999633789062,700000,-7424.45206029708,4.585919915759787
247,1623003612.38346,46.20000076293945,18.700000762939453,18.707000732421875,700000,-7420.1258607184,4.3261995786794145
248,1623003613.4733317,47.20000076293945,18.700000762939453,18.704999923706055,700000,-7415.6703745235145,4.455486194885088
249,1623003614.5565631,46.70000076293945,18.690000534057617,18.702999114990234,700000,-7411.088830664529,4.581543858985468
250,1623003615.6236827,46.20000076293945,18.690000534057617,18.701000213623047,1100000,-7557.291042192369,-146.20221152783992
251,1623003616.7209258,46.20000076293945,18.690000534057617,18.698999404907227,600000,-7767.209292917519,-209.9182507251495
252,1623003617.8119156,46.20000076293945,18.690000534057617,18.69700050354004,700000,-7765.1321450987625,2.077147818755817
253,1623003618.8978395,46.20000076293945,18.690000534057617,18.69499969482422,700000,-7760.432096912185,4.700048186577422
254,1623003619.983413,45.70000076293945,18.68000030517578,18.69300079345703,700000,-7755.985408062627,4.446688849558376
255,1623003621.0688508,46.70000076293945,18.68000030517578,18.69099998474121,700000,-7751.540193909599,4.445214153028408
256,1623003622.1505866,46.70000076293945,18.68000030517578,18.68899917602539,700000,-7747.227201032429,4.312992877170821
257,1623003623.2451305,47.20000076293945,18.68000030517578,18.687000274658203,700000,-7742.784941526742,4.442259505687138
258,1623003624.330608,46.70000076293945,18.68000030517578,18.684999465942383,700000,-7738.344161967632,4.440779559109847
259,1623003625.4133916,46.70000076293945,18.670000076293945,18.683000564575195,700000,-7733.652979125714,4.691182841917867
260,1623003626.5005674,45.70000076293945,18.670000076293945,18.680999755859375,700000,-7728.84198213436,4.810996991354818
261,1623003627.5857081,45.20000076293945,18.670000076293945,18.679000854492188,700000,-7724.4056585594935,4.436323574866156
262,1623003628.6714525,46.70000076293945,18.670000076293945,18.677000045776367,700000,-7719.718938365088,4.686720194405058
263,1623003629.75616,45.70000076293945,18.670000076293945,18.674999237060547,700000,-7715.550397451579,4.168540913509568
264,1623003630.8422294,47.70000076293945,18.65999984741211,18.67300033569336,700000,-7711.118549844412,4.43184760716712
265,1623003631.9278493,46.70000076293945,18.65999984741211,18.67099952697754,700000,-7706.436310852933,4.682238991478701
266,1623003633.0200877,45.70000076293945,18.65999984741211,18.66900062561035,700000,-7701.87994020739,4.55637064554355
267,1623003634.1049519,46.20000076293945,18.65999984741211,18.66699981689453,700000,-7697.452587119102,4.427353088288546
268,1623003635.1899996,46.70000076293945,18.65999984741211,18.665000915527344,700000,-7692.899219955937,4.553367163164792
269,1623003636.273497,46.20000076293945,18.649999618530273,18.663000106811523,700000,-7688.605621990296,4.293597965640878
270,1623003637.342528,47.20000076293945,18.649999618530273,18.660999298095703,900000,-7845.290335501778,-156.6847135114825
271,1623003638.429061,46.20000076293945,18.649999618530273,18.659000396728516,700000,-7845.869008572183,-0.5786730704044434
272,1623003639.5029373,46.70000076293945,18.649999618530273,18.656999588012695,800000,-7859.383483224444,-13.51447465226101
273,1623003640.5917401,46.70000076293945,18.649999618530273,18.655000686645508,700000,-7857.3376643340835,2.0458188903601364
274,1623003641.6785934,46.20000076293945,18.639999389648438,18.652999877929688,700000,-7853.051625745989,4.286038588093682
275,1623003642.7688322,47.20000076293945,18.639999389648438,18.650999069213867,700000,-7848.636359057662,4.415266688327156
276,1623003643.8533816,46.70000076293945,18.639999389648438,18.64900016784668,700000,-7844.0950960624705,4.541262995191742
277,1623003644.9372628,46.20000076293945,18.639999389648438,18.64699935913086,700000,-7839.682872812847,4.412223249623713
278,1623003676.1151974,46.70000076293945,18.639999389648438,18.645000457763672,700000,4.53285959455904,4.53285959455904
279,1623003677.2072594,46.20000076293945,18.559999465942383,18.63599967956543,700000,9.058794401738393,4.525934807179352
280,1623003678.2827916,46.20000076293945,18.559999465942383,18.62700080871582,800000,-4.559639634081817,-13.61843403582021
281,1623003679.332299,46.70000076293945,18.559999465942383,18.618000030517578,1300000,-145.35810121914216,-140.79846158506035
282,1623003680.4139864,46.20000076293945,18.559999465942383,18.608999252319336,700000,-155.9807310806291,-10.622629861486963
283,1623003681.5002127,46.70000076293945,18.559999465942383,18.600000381469727,700000,-151.48215810902838,4.498572971600749
284,1623003682.5856838,46.20000076293945,18.559999465942383,18.591999053955078,700000,-146.74506192686192,4.737096182166459
285,1623003683.6732876,45.20000076293945,18.549999237060547,18.58300018310547,700000,-142.38834215549082,4.356719771371109
286,1623003684.7572193,46.70000076293945,18.549999237060547,18.573999404907227,700000,-137.9113391819747,4.47700297351612
287,1623003685.844872,46.20000076293945,18.549999237060547,18.565000534057617,700000,-133.5691347817789,4.3422044001958024
288,1623003686.924216,46.70000076293945,18.549999237060547,18.555999755859375,700000,-129.10022399114504,4.468910790633869
289,1623003688.0041661,46.20000076293945,18.549999237060547,18.55500030517578,700000,-124.63212500650593,4.468098984639111
290,1623003689.0878966,46.20000076293945,18.549999237060547,18.554000854492188,700000,-120.29317049096406,4.338954515541877
291,1623003690.1743033,46.70000076293945,18.540000915527344,18.552000045776367,700000,-115.82832738223036,4.464843108733701
292,1623003691.2599337,46.20000076293945,18.540000915527344,18.549999237060547,700000,-111.36511398801282,4.463213394217531
293,1623003692.3412974,46.20000076293945,18.540000915527344,18.54800033569336,700000,-106.77916486387686,4.585949124135968
294,1623003693.423363,45.70000076293945,18.540000915527344,18.54599952697754,700000,-102.44591940070826,4.3332454631686
295,1623003694.505111,46.70000076293945,18.540000915527344,18.545000076293945,700000,-98.11431075949818,4.331608641210087
296,1623003695.5585175,46.70000076293945,18.530000686645508,18.542999267578125,1200000,-242.0142974392183,-143.89998667972012
297,1623003696.64038,45.70000076293945,18.530000686645508,18.541000366210938,700000,-250.31671330817397,-8.30241586895567
298,1623003697.7233253,47.20000076293945,18.530000686645508,18.538999557495117,700000,-245.9900253280635,4.326687980110483
299,1623003698.8032005,46.70000076293945,18.530000686645508,18.53700065612793,700000,-241.41309619057355,4.5769291374899295
300,1623003699.8664658,45.70000076293945,18.530000686645508,18.53499984741211,1000000,-391.0163106023246,-149.60321441175105
301,1623003700.9533758,46.20000076293945,18.520000457763672,18.533000946044922,700000,-394.0670471861488,-3.0507365838241913
302,1623003702.0327535,46.20000076293945,18.520000457763672,18.5310001373291,700000,-389.6194361381475,4.447611048001319
303,1623003703.1193805,46.20000076293945,18.520000457763672,18.52899932861328,700000,-385.3009957437986,4.318440394348903
304,1623003704.2077668,46.70000076293945,18.520000457763672,18.527000427246094,700000,-381.11495792561726,4.186037818181326
305,1623003705.2945237,47.20000076293945,18.520000457763672,18.524999618530273,700000,-376.6723141477233,4.442643777893961
306,1623003706.3411615,46.20000076293945,18.510000228881836,18.523000717163086,1500000,-520.3580442178741,-143.68573007015084
307,1623003707.4234395,46.70000076293945,18.510000228881836,18.520999908447266,700000,-536.0462428060608,-15.688198588186744
308,1623003708.4743931,46.70000076293945,18.510000228881836,18.518999099731445,1400000,-679.1578999905712,-143.11165718451036
309,1623003709.5540574,46.20000076293945,18.510000228881836,18.517000198364258,700000,-692.3494305989149,-13.191530608343719
310,1623003710.6407802,46.70000076293945,18.510000228881836,18.514999389648438,700000,-687.9151121082222,4.434318490692716
311,1623003711.7208917,46.20000076293945,18.5,18.51300048828125,700000,-683.4824659733933,4.43264613482887
312,1623003712.773477,46.20000076293945,18.5,18.51099967956543,1300000,-826.6559294658023,-143.17346349240898
313,1623003713.8303862,46.20000076293945,18.5,18.509000778198242,1100000,-967.7964053431629,-141.14047587736061
314,1623003714.9133298,47.20000076293945,18.5,18.506999969482422,700000,-973.4971451884779,-5.700739845315065
315,1623003715.9926002,46.70000076293945,18.489999771118164,18.503999710083008,700000,-969.072048137694,4.425097050784016
316,1623003717.0554192,46.20000076293945,18.489999771118164,18.50200080871582,1200000,-1113.0378320859265,-143.96578394823263
317,1623003718.1425884,46.20000076293945,18.489999771118164,18.5,700000,-1121.508425417748,-8.470593331821384
318,1623003719.2291622,47.70000076293945,18.489999771118164,18.49799919128418,700000,-1117.2159047745529,4.292520643195067
319,1623003720.314257,46.70000076293945,18.489999771118164,18.496000289916992,700000,-1112.674034145642,4.541870628910831
320,1623003721.3997881,45.70000076293945,18.479999542236328,18.493000030517578,700000,-1108.5164907108847,4.157543434757436
321,1623003722.4833727,47.20000076293945,18.479999542236328,18.490999221801758,700000,-1104.3606424446857,4.155848266199079
322,1623003723.5639806,47.20000076293945,18.479999542236328,18.48900032043457,700000,-1099.948229776747,4.412412667938822
323,1623003724.6505628,46.20000076293945,18.479999542236328,18.48699951171875,700000,-1095.6650343566482,4.28319542009867
324,1623003725.7323265,46.70000076293945,18.479999542236328,18.485000610351562,700000,-1091.25517355287,4.409860803778271
325,1623003726.812251,46.20000076293945,18.479999542236328,18.483999252319336,700000,-1087.1052790919102,4.149894460959878
326,1623003727.895576,47.20000076293945,18.469999313354492,18.48200035095215,700000,-1082.826345644361,4.278933447549269
327,1623003728.951148,46.70000076293945,18.469999313354492,18.479999542236328,1200000,-1226.7607019366924,-143.93435629233142
328,1623003730.0388176,46.20000076293945,18.469999313354492,18.47800064086914,700000,-1235.2499884599195,-8.48928652322703
329,1623003731.1230388,47.70000076293945,18.469999313354492,18.47599983215332,700000,-1230.975329232442,4.274659227477491
330,1623003732.1914577,46.70000076293945,18.469999313354492,18.475000381469727,900000,-1387.4533040925498,-156.47797486010802
331,1623003733.2774565,47.20000076293945,18.459999084472656,18.472999572753906,700000,-1388.1820745553043,-0.7287704627544347
332,1623003734.3739467,46.70000076293945,18.459999084472656,18.47100067138672,600000,-1583.6600187104764,-195.47794415517197
333,1623003735.4633832,46.70000076293945,18.459999084472656,18.4689998626709,700000,-1581.8922293840499,1.7677893264265006
334,1623003736.5427952,46.70000076293945,18.459999084472656,18.466999053955078,700000,-1577.4986442096917,4.3935851743581065
335,1623003737.6263952,46.20000076293945,18.459999084472656,18.46500015258789,700000,-1573.2343023351568,4.264341874534926
336,1623003738.7134364,46.70000076293945,18.450000762939453,18.46299934387207,700000,-1568.971686691972,4.262615643184736
337,1623003739.7928898,46.70000076293945,18.450000762939453,18.461000442504883,700000,-1564.4589142857567,4.512772406215322
338,1623003740.873971,45.70000076293945,18.450000762939453,18.458999633789062,700000,-1560.0722417683735,4.386672517383316
339,1623003741.958519,46.20000076293945,18.450000762939453,18.457000732421875,700000,-1555.6873037917178,4.38493797665569
340,1623003743.0445554,46.20000076293945,18.450000762939453,18.454999923706055,700000,-1551.6964215975047,3.990882194213122
341,1623003744.1307075,47.70000076293945,18.440000534057617,18.452999114990234,700000,-1547.573221117441,4.123200480063609
342,1623003745.213432,47.20000076293945,18.440000534057617,18.451000213623047,700000,-1543.4517618413743,4.121459276066865
343,1623003746.294281,47.20000076293945,18.440000534057617,18.448999404907227,700000,-1539.2012985615338,4.250463279840437
344,1623003747.3746595,46.70000076293945,18.440000534057617,18.44700050354004,700000,-1534.9525809271636,4.248717634370285
345,1623003748.454733,46.70000076293945,18.440000534057617,18.44499969482422,700000,-1530.5780918507364,4.374489076427166
346,1623003749.5337803,46.20000076293945,18.43000030517578,18.44300079345703,700000,-1526.4636162698148,4.114475580921528
347,1623003750.6189117,47.20000076293945,18.43000030517578,18.44099998474121,700000,-1522.2201472311128,4.243469038701937
348,1623003751.7033606,46.70000076293945,18.43000030517578,18.43899917602539,700000,-1518.109176815833,4.110970415279674
349,1623003752.7888856,47.20000076293945,18.43000030517578,18.437000274658203,700000,-1513.999963150766,4.1092136650669815
350,1623003753.8760288,47.20000076293945,18.43000030517578,18.434999465942383,700000,-1509.7617610133213,4.238202137444651
351,1623003754.9609768,46.70000076293945,18.420000076293945,18.433000564575195,700000,-1505.5253200675627,4.236440945758551
352,1623003756.047174,46.70000076293945,18.420000076293945,18.430999755859375,700000,-1501.2906408531856,4.2346792143771435
353,1623003757.1307163,46.70000076293945,18.420000076293945,18.429000854492188,700000,-1497.057727271968,4.2329135812176215
354,1623003758.2194417,46.70000076293945,18.420000076293945,18.427000045776367,700000,-1492.8265815457055,4.231145726262403
355,1623003759.3034124,46.70000076293945,18.420000076293945,18.424999237060547,700000,-1488.7279499742613,4.0986315714442085
356,1623003760.3893538,47.20000076293945,18.40999984741211,18.42300033569336,700000,-1484.3728272906837,4.3551226835776315
357,1623003761.4732814,46.20000076293945,18.40999984741211,18.42099952697754,700000,-1480.1469950746864,4.225832215997334
358,1623003762.5687132,46.70000076293945,18.40999984741211,18.41900062561035,700000,-1475.922939596591,4.224055478095286
359,1623003763.6533093,46.70000076293945,18.40999984741211,18.41699981689453,700000,-1471.5731437392308,4.349795857360347
360,1623003764.7378795,46.20000076293945,18.40999984741211,18.415000915527344,700000,-1467.3517566848654,4.221387054365229
361,1623003765.8255932,46.70000076293945,18.40999984741211,18.413999557495117,700000,-1463.0046325796936,4.347124105171728
362,1623003766.9128525,46.20000076293945,18.399999618530273,18.41200065612793,700000,-1458.7868106275744,4.217821952119328
363,1623003767.9995184,46.70000076293945,18.399999618530273,18.40999984741211,700000,-1454.8355750818073,3.951235545767184
364,1623003769.0858355,47.70000076293945,18.399999618530273,18.408000946044922,700000,-1450.6213271106467,4.214247971160608
365,1623003770.1595564,46.70000076293945,18.399999618530273,18.4060001373291,900000,-1606.5466721266791,-155.92534501603254
366,1623003771.2472174,45.70000076293945,18.399999618530273,18.405000686645508,700000,-1607.0832240330137,-0.536551906334676
367,1623003772.3342166,45.70000076293945,18.389999389648438,18.402999877929688,700000,-1602.873457307547,4.209766725466812
368,1623003773.4227006,46.70000076293945,18.389999389648438,18.400999069213867,700000,-1598.665485595931,4.207971711615874
369,1623003774.5098603,46.70000076293945,18.389999389648438,18.39900016784668,700000,-1594.590058598222,4.07542699770908
370,1623003775.5786464,47.20000076293945,18.389999389648438,18.39699935913086,900000,-1751.0070912822116,-156.41703268398962
371,1623003776.6739702,47.70000076293945,18.389999389648438,18.395000457763672,600000,-1949.860555308838,-198.8534640266264
372,1623003777.7669804,46.20000076293945,18.3799991607666,18.39299964904785,700000,-1948.0322716308474,1.8282836779905391
373,1623003778.8532925,46.20000076293945,18.3799991607666,18.391000747680664,700000,-1943.8333134252332,4.198958205614209
374,1623003779.9407718,46.70000076293945,18.3799991607666,18.388999938964844,700000,-1939.6361652717487,4.197148153484568
375,1623003781.0331097,46.70000076293945,18.3799991607666,18.386999130249023,700000,-1935.440827663511,4.195337608237713
376,1623003782.1193287,46.70000076293945,18.3799991607666,18.385000228881836,700000,-1931.2463961594824,4.194431504028662
377,1623003783.203419,46.70000076293945,18.3799991607666,18.384000778198242,700000,-1926.9262626168534,4.320133542629135
378,1623003784.2901924,46.20000076293945,18.3700008392334,18.381999969482422,700000,-1922.7354645415041,4.190798075349127
379,1623003785.3768282,46.70000076293945,18.3700008392334,18.3799991607666,700000,-1918.6772305436195,4.058233997884635
380,1623003786.463496,47.20000076293945,18.3700008392334,18.378000259399414,700000,-1914.4900730459262,4.187157497693283
381,1623003787.5432181,46.70000076293945,18.3700008392334,18.375999450683594,700000,-1910.1763090030875,4.313764042838782
382,1623003788.6296377,46.20000076293945,18.3700008392334,18.375,700000,-1905.8643705585944,4.311938444493178
383,1623003789.71623,46.20000076293945,18.360000610351562,18.37299919128418,700000,-1901.6817758327863,4.182594725808036
384,1623003790.802952,46.70000076293945,18.360000610351562,18.371000289916992,700000,-1897.5010111467973,4.180764685989038
385,1623003791.8903089,46.70000076293945,18.360000610351562,18.368999481201172,700000,-1893.194559332648,4.306451814149282
386,1623003792.9768755,46.20000076293945,18.360000610351562,18.367000579833984,700000,-1888.7655727795486,4.428986553099281
387,1623003794.0601962,45.70000076293945,18.360000610351562,18.364999771118164,700000,-1884.5903080398557,4.175264739692912
388,1623003795.1485233,46.70000076293945,18.350000381469727,18.363000869750977,700000,-1880.1649953606438,4.4253126792118875
389,1623003796.2249682,45.70000076293945,18.350000381469727,18.361000061035156,800000,-1894.3930720222147,-14.228076661570968
390,1623003797.31244,46.20000076293945,18.350000381469727,18.358999252319336,700000,-1892.8540747244076,1.5389972978071924
391,1623003798.4052234,47.20000076293945,18.350000381469727,18.35700035095215,700000,-1888.5586596040732,4.29541512033431
392,1623003799.450544,46.20000076293945,18.350000381469727,18.354999542236328,1500000,-2031.949872215287,-143.39121261121392
393,1623003800.5333507,46.20000076293945,18.350000381469727,18.354000091552734,700000,-2047.7847464001086,-15.834874184821409
394,1623003801.6173947,46.70000076293945,18.34000015258789,18.351999282836914,700000,-2043.6214699586667,4.1632764414419565
395,1623003802.70229,46.70000076293945,18.34000015258789,18.350000381469727,700000,-2039.5907926428874,4.030677315779364
396,1623003803.7933993,47.20000076293945,18.34000015258789,18.347999572753906,700000,-2035.303705729522,4.287086913365398
397,1623003804.8797755,46.20000076293945,18.34000015258789,18.34600067138672,700000,-2031.1450659662933,4.158639763228754
398,1623003805.967241,46.70000076293945,18.34000015258789,18.344999313354492,700000,-2026.7354676333018,4.409598332991481
399,1623003807.0523267,45.70000076293945,18.34000015258789,18.3439998626709,700000,-2022.710361951527,4.025105681774939
400,1623003808.1398666,47.20000076293945,18.329999923706055,18.341999053955078,700000,-2018.687116737645,4.023245213881815
401,1623003809.2318206,47.20000076293945,18.329999923706055,18.34000015258789,700000,-2014.2831033588443,4.404013378800829
402,1623003810.3177211,45.70000076293945,18.329999923706055,18.33799934387207,700000,-2010.0053241054184,4.277779253425875
403,1623003811.4088929,46.20000076293945,18.329999923706055,18.336000442504883,700000,-2005.8559975597934,4.14932654562495
404,1623003812.4945004,46.70000076293945,18.329999923706055,18.334999084472656,700000,-2001.7085392477595,4.147458312033896
405,1623003813.579433,46.70000076293945,18.31999969482422,18.33300018310547,700000,-1997.562953172719,4.145586075040461
406,1623003814.6675556,46.70000076293945,18.31999969482422,18.33099937438965,700000,-1993.419239768509,4.143713404209967
407,1623003815.7534027,46.70000076293945,18.31999969482422,18.32900047302246,700000,-1989.025516180481,4.393723588027927
408,1623003816.840758,45.70000076293945,18.31999969482422,18.32699966430664,700000,-1984.7580389207653,4.267477259715617
409,1623003817.9368932,46.20000076293945,18.31999969482422,18.325000762939453,700000,-1980.491502839921,4.266536080844373
410,1623003819.0197875,46.20000076293945,18.31999969482422,18.323999404907227,700000,-1976.3543648376474,4.137138002273536
411,1623003820.1033595,46.70000076293945,18.309999465942383,18.32200050354004,700000,-1972.2191112869486,4.135253550698726
412,1623003821.1828265,46.70000076293945,18.309999465942383,18.31999969482422,700000,-1968.3505439878945,3.868567299054015
413,1623003822.2651408,47.70000076293945,18.309999465942383,18.31800079345703,700000,-1964.2190642040118,4.131479783882645
414,1623003823.3458426,46.70000076293945,18.309999465942383,18.31599998474121,700000,-1959.8366419361528,4.38242226785903
415,1623003824.430518,45.70000076293945,18.309999465942383,18.315000534057617,700000,-1955.5804811132189,4.256160822933834
416,1623003825.5193584,46.20000076293945,18.299999237060547,18.312999725341797,700000,-1951.326212929751,4.254268183468026
417,1623003826.6034245,46.20000076293945,18.299999237060547,18.31100082397461,700000,-1947.2013590544814,4.124853875269443
418,1623003827.6896648,46.70000076293945,18.299999237060547,18.30900001525879,700000,-1943.0784040671638,4.122954987317518
419,1623003828.7762027,46.70000076293945,18.299999237060547,18.30699920654297,700000,-1938.9573483762292,4.121055690934616
420,1623003829.864425,46.70000076293945,18.299999237060547,18.30500030517578,700000,-1934.8381960147199,4.119152361509284
421,1623003830.949774,46.70000076293945,18.290000915527344,18.30299949645996,700000,-1930.8516931533525,3.986502861367292
422,1623003832.0407004,47.20000076293945,18.290000915527344,18.301000595092773,700000,-1926.867098062884,3.9845950904685665
423,1623003833.1260967,47.20000076293945,18.290000915527344,18.298999786376953,700000,-1922.7536653767575,4.113432686126549
424,1623003834.212361,46.70000076293945,18.290000915527344,18.297000885009766,700000,-1918.5146272609607,4.239038115796786
425,1623003835.2973604,46.20000076293945,18.290000915527344,18.295000076293945,700000,-1914.4040628140615,4.110564446899053
426,1623003836.381334,46.70000076293945,18.290000915527344,18.29400062561035,700000,-1910.2954139111691,4.108648902892346
427,1623003837.4620152,46.70000076293945,18.280000686645508,18.29199981689453,700000,-1906.319426711356,3.975987199812998
428,1623003838.546289,47.20000076293945,18.280000686645508,18.290000915527344,700000,-1902.2146137305035,4.104812980852563
429,1623003839.628894,46.70000076293945,18.280000686645508,18.288000106811523,700000,-1897.8598360946419,4.354777635861526
430,1623003840.7085445,45.70000076293945,18.280000686645508,18.285999298095703,700000,-1893.6303886985659,4.229447396075939
431,1623003841.7919347,46.20000076293945,18.280000686645508,18.28499984741211,700000,-1889.6601662849855,3.9702224135802666
432,1623003842.8782008,47.20000076293945,18.280000686645508,18.284000396728516,700000,-1885.4336071115924,4.226559173393097
433,1623003843.9633703,46.20000076293945,18.270000457763672,18.281999588012695,700000,-1881.4672383774775,3.9663687341148446
434,1623003845.0500162,47.20000076293945,18.270000457763672,18.280000686645508,700000,-1877.2445373250232,4.222701052454267
435,1623003846.1308768,46.20000076293945,18.270000457763672,18.277999877929688,700000,-1873.0237695845874,4.220767740435901
436,1623003847.2115934,46.20000076293945,18.270000457763672,18.275999069213867,700000,-1868.9314860528152,4.092283531772088
437,1623003848.2942822,46.70000076293945,18.270000457763672,18.274999618530273,700000,-1864.713619675415,4.217866377400325
438,1623003849.381124,46.20000076293945,18.260000228881836,18.273000717163086,700000,-1860.6252098033876,4.088409872027318
439,1623003850.467527,46.70000076293945,18.260000228881836,18.270999908447266,700000,-1856.5387410164867,4.086468786900985
440,1623003851.5534317,46.70000076293945,18.260000228881836,18.268999099731445,700000,-1852.3266960408746,4.2120449756121285
441,1623003852.6374547,46.20000076293945,18.260000228881836,18.267000198364258,700000,-1848.5089156117815,3.817780429093127
442,1623003853.7188902,47.70000076293945,18.260000228881836,18.264999389648438,700000,-1844.5580522394214,3.9508633723602102
443,1623003854.8033683,47.20000076293945,18.260000228881836,18.263999938964844,700000,-1840.4783919587758,4.079660280645603
444,1623003855.8901885,46.70000076293945,18.25,18.261999130249023,700000,-1836.273163255117,4.205228703658788
445,1623003856.978677,46.20000076293945,18.25,18.260000228881836,700000,-1832.462206871085,3.8109563840318197
446,1623003858.064487,47.70000076293945,18.25,18.257999420166016,700000,-1828.5191485319647,3.9430583391204053
447,1623003859.1464946,47.20000076293945,18.25,18.256000518798828,700000,-1824.318806310295,4.200342221669699
448,1623003860.2340765,46.20000076293945,18.25,18.2549991607666,700000,-1819.8747533198564,4.4440529904386405
449,1623003861.3200645,45.20000076293945,18.239999771118164,18.253000259399414,700000,-1816.0706481756488,3.804105144207605
450,1623003862.4065197,47.70000076293945,18.239999771118164,18.250999450683594,700000,-1811.751816213246,4.318831962402714
451,1623003863.492678,45.70000076293945,18.239999771118164,18.249000549316406,700000,-1807.6868366274173,4.064979585828814
452,1623003864.5785697,46.70000076293945,18.239999771118164,18.246999740600586,700000,-1803.3719360385096,4.31490058890765
453,1623003865.6692584,45.70000076293945,18.239999771118164,18.2450008392334,700000,-1799.3099079510123,4.062028087497373
454,1623003866.7533817,46.70000076293945,18.239999771118164,18.243999481201172,700000,-1795.2498490511794,4.060058899832873
455,1623003867.84002,46.70000076293945,18.229999542236328,18.242000579833984,700000,-1791.1917634387435,4.058085612435795
456,1623003868.9233582,46.70000076293945,18.229999542236328,18.239999771118164,700000,-1787.2663972177313,3.9253662210121902
457,1623003870.020601,47.20000076293945,18.229999542236328,18.238000869750977,700000,-1783.4770643369468,3.7893328807845217
458,1623003871.1066754,47.70000076293945,18.229999542236328,18.236000061035156,700000,-1779.5546645986815,3.9223997382652627
459,1623003872.1914492,47.20000076293945,18.229999542236328,18.235000610351562,700000,-1775.2516132921169,4.303051306564686
460,1623003873.277138,45.70000076293945,18.219999313354492,18.232999801635742,700000,-1771.0749125963964,4.176700695720397
461,1623003874.3623927,46.20000076293945,18.219999313354492,18.231000900268555,700000,-1767.1584608112166,3.9164517851798806
462,1623003875.4484513,47.20000076293945,18.219999313354492,18.229000091552734,700000,-1762.8613641210063,4.297096690210213
463,1623003876.5346282,45.70000076293945,18.219999313354492,18.226999282836914,700000,-1758.8181423406,4.043221780406432
464,1623003877.617862,46.70000076293945,18.219999313354492,18.225000381469727,700000,-1754.7759154155385,4.042226925061305
465,1623003878.7046533,46.70000076293945,18.219999313354492,18.224000930786133,700000,-1751.0004831434405,3.7754322720980094
466,1623003879.7902143,47.70000076293945,18.209999084472656,18.222000122070312,700000,-1746.9622449903477,4.038238153092726
467,1623003880.8775833,46.70000076293945,18.209999084472656,18.219999313354492,700000,-1742.926002650472,4.036242339875804
468,1623003881.9633965,46.70000076293945,18.209999084472656,18.218000411987305,700000,-1738.8917602489516,4.0342424015202365
469,1623003883.048478,46.70000076293945,18.209999084472656,18.215999603271484,700000,-1734.731000053422,4.160760195529674
470,1623003884.1333869,46.20000076293945,18.209999084472656,18.21500015258789,700000,-1730.8305065364443,3.900493516977484
471,1623003885.2197485,47.20000076293945,18.200000762939453,18.21299934387207,700000,-1726.6737531898198,4.156753346624667
472,1623003886.3033834,46.20000076293945,18.200000762939453,18.211000442504883,700000,-1722.911326574578,3.7624266152418864
473,1623003887.382634,47.70000076293945,18.200000762939453,18.208999633789062,700000,-1718.8861065976134,4.02521997696447
474,1623003888.4665043,46.70000076293945,18.200000762939453,18.207000732421875,700000,-1714.6110119113011,4.275094686312332
475,1623003889.551902,45.70000076293945,18.200000762939453,18.204999923706055,700000,-1710.461292394733,4.149719516568281
476,1623003890.6385164,46.20000076293945,18.200000762939453,18.20400047302246,700000,-1706.1892191424938,4.272073252239184
477,1623003891.7235308,45.70000076293945,18.190000534057617,18.20199966430664,700000,-1702.0435308923493,4.145688250144529
478,1623003892.8050203,46.20000076293945,18.190000534057617,18.200000762939453,700000,-1697.8998625682498,4.143668324099606
479,1623003893.8921757,46.20000076293945,18.190000534057617,18.197999954223633,700000,-1694.0164798005528,3.883382767696922
480,1623003894.9742787,47.20000076293945,18.190000534057617,18.195999145507812,700000,-1690.0033622085257,4.013117592027134
481,1623003896.0568337,46.70000076293945,18.190000534057617,18.19499969482422,700000,-1685.9922681640487,4.011094044476968
482,1623003897.1182022,46.70000076293945,18.18000030517578,18.19300079345703,1000000,-1835.1697440617545,-149.17747589770568
483,1623003898.200227,47.20000076293945,18.18000030517578,18.19099998474121,700000,-1838.662707637379,-3.4929635756245236
484,1623003899.2834482,46.70000076293945,18.18000030517578,18.18899917602539,700000,-1834.7884471839907,3.8742604533884943
485,1623003900.3685322,47.20000076293945,18.18000030517578,18.187000274658203,700000,-1830.7854753265044,4.002971857486164
486,1623003901.4542904,46.70000076293945,18.18000030517578,18.184999465942383,700000,-1826.914266279196,3.871209047308348
487,1623003902.5407438,47.20000076293945,18.18000030517578,18.18400001525879,700000,-1823.1791505373014,3.735115741894597
488,1623003903.627022,47.70000076293945,18.170000076293945,18.18199920654297,700000,-1819.1812713876952,3.997879149606197
489,1623003904.717635,46.70000076293945,18.170000076293945,18.18000030517578,700000,-1815.185434373619,3.9958370140762067
490,1623003905.8033388,46.70000076293945,18.170000076293945,18.17799949645996,700000,-1811.0641221249052,4.121312248713933
491,1623003906.8888252,46.20000076293945,18.170000076293945,18.176000595092773,700000,-1807.0713515045006,3.9927706204045474
492,1623003907.9814816,46.70000076293945,18.170000076293945,18.174999237060547,700000,-1802.9531089779168,4.118242526583726
493,1623003909.068412,46.20000076293945,18.15999984741211,18.17300033569336,700000,-1798.9644340020134,3.9886749759033844
494,1623003910.1519575,46.70000076293945,18.15999984741211,18.17099952697754,700000,-1794.8502915571703,4.114142444843152
495,1623003911.2407393,46.20000076293945,18.15999984741211,18.16900062561035,700000,-1790.8657211044808,3.984570452689388
496,1623003912.326845,46.70000076293945,18.15999984741211,18.16699981689453,700000,-1786.755687620091,4.110033484389758
497,1623003913.411673,46.20000076293945,18.15999984741211,18.165000915527344,700000,-1782.7742018771235,3.981485742967669
498,1623003914.4923327,46.70000076293945,18.15999984741211,18.163999557495117,700000,-1778.7947740729564,3.979427804167093
499,1623003915.5758061,46.70000076293945,18.149999618530273,18.16200065612793,700000,-1774.8174083920087,3.977365680947747
500,1623003916.665867,46.70000076293945,18.149999618530273,18.15999984741211,700000,-1770.9728508536207,3.8445575383881234
501,1623003917.7517262,47.20000076293945,18.149999618530273,18.158000946044922,700000,-1767.1303598799252,3.8424909736953694
502,1623003918.8343065,47.20000076293945,18.149999618530273,18.1560001373291,700000,-1763.2889020356743,3.8414578442508898
503,1623003919.9181721,47.20000076293945,18.149999618530273,18.155000686645508,700000,-1759.1912506791887,4.09765135648564
504,1623003921.0019808,46.20000076293945,18.139999389648438,18.152999877929688,700000,-1755.2231890828684,3.968061596320231
505,1623003922.0907469,46.70000076293945,18.139999389648438,18.150999069213867,700000,-1751.2571998479639,3.965989234904603
506,1623003923.1770043,46.70000076293945,18.139999389648438,18.14900016784668,700000,-1747.2932871726557,3.963912675308171
507,1623003924.2612057,46.70000076293945,18.139999389648438,18.14699935913086,700000,-1743.3314512960026,3.961835876653131
508,1623003925.350185,46.70000076293945,18.139999389648438,18.145000457763672,700000,-1739.5014024005775,3.830048895425186
509,1623003926.4357247,47.20000076293945,18.139999389648438,18.143999099731445,700000,-1735.4151702237039,4.086232176873663
510,1623003927.521603,46.20000076293945,18.1299991607666,18.142000198364258,700000,-1731.3310223795347,4.08414784416925
511,1623003928.612991,46.20000076293945,18.1299991607666,18.139999389648438,700000,-1727.2489590997184,4.082063279816266
512,1623003929.6998792,46.20000076293945,18.1299991607666,18.13800048828125,700000,-1723.5613036139991,3.6876554857191985
513,1623003930.7833226,47.70000076293945,18.1299991607666,18.13599967956543,700000,-1719.4823733319618,4.07893028203746
514,1623003931.8639877,46.20000076293945,18.1299991607666,18.135000228881836,700000,-1715.4044878279158,4.0778855040460495
515,1623003932.944435,46.20000076293945,18.1299991607666,18.134000778198242,700000,-1711.328695539521,4.075792288394807
516,1623003934.0278518,46.20000076293945,18.1200008392334,18.131999969482422,700000,-1707.5132620971353,3.815433442385803
517,1623003935.1167443,47.20000076293945,18.1200008392334,18.1299991607666,700000,-1703.5691785467393,3.9440835503959786
518,1623003936.2024024,46.70000076293945,18.1200008392334,18.128000259399414,700000,-1699.4996772332213,4.069501313518016
519,1623003937.2713954,46.20000076293945,18.1200008392334,18.125999450683594,900000,-1854.8493897528824,-155.3497125196612
520,1623003938.3611426,46.20000076293945,18.1200008392334,18.125,700000,-1856.0413048291607,-1.1919150762781996
521,1623003939.447678,47.20000076293945,18.110000610351562,18.12299919128418,700000,-1851.9770599210842,4.0642449080764305
522,1623003940.5328376,46.20000076293945,18.110000610351562,18.121000289916992,700000,-1847.66925491154,4.307805009544188
523,1623003941.6227386,45.20000076293945,18.110000610351562,18.118999481201172,700000,-1843.867488925501,3.801765986039179
524,1623003942.7067084,47.20000076293945,18.110000610351562,18.117000579833984,700000,-1839.8095716244015,4.057917301099506
525,1623003943.7873077,46.20000076293945,18.110000610351562,18.114999771118164,700000,-1835.6283409752075,4.181230649194009
526,1623003944.8371289,45.70000076293945,18.110000610351562,18.11400032043457,1400000,-1978.2899973967783,-142.6616564215709
527,1623003945.9202101,46.20000076293945,18.100000381469727,18.11199951171875,700000,-1991.99563042867,-13.705633031891587
528,1623003947.0048952,47.20000076293945,18.100000381469727,18.110000610351562,700000,-1987.9451199186092,4.050510510060759
529,1623003948.0633042,46.20000076293945,18.100000381469727,18.107999801635742,1200000,-2131.475565652125,-143.5304457335158
530,1623003949.1431804,46.70000076293945,18.100000381469727,18.106000900268555,700000,-2139.9282380953055,-8.452672443180404
531,1623003950.2193913,46.20000076293945,18.100000381469727,18.104999542236328,700000,-2135.758664711086,4.169573384219251
532,1623003951.294796,45.70000076293945,18.09000015258789,18.10300064086914,700000,-2131.5912189665846,4.167445744501566
533,1623003952.4062738,45.70000076293945,18.09000015258789,18.10099983215332,700000,-2127.5502702724075,4.040948694176974
534,1623003953.5096128,46.20000076293945,18.09000015258789,18.099000930786133,700000,-2123.638971301464,3.9112989709434824
535,1623003954.5685565,46.70000076293945,18.09000015258789,18.097000122070312,1200000,-2267.1537004822458,-143.51472918078142
536,1623003955.6533124,46.70000076293945,18.09000015258789,18.094999313354492,700000,-2275.7456027805933,-8.59190229834774
537,1623003956.7373695,46.70000076293945,18.09000015258789,18.0939998626709,700000,-2271.838572599636,3.9070301809573973
538,1623003957.827224,46.70000076293945,18.09000015258789,18.093000411987305,700000,-2268.0644269296586,3.774145669977507
539,1623003958.9126852,47.20000076293945,18.079999923706055,18.090999603271484,700000,-2264.2924201839196,3.772006745738828
540,1623003959.9993718,47.20000076293945,18.079999923706055,18.089000701904297,700000,-2260.5225566241143,3.7698635598052235
541,1623003961.0869622,47.20000076293945,18.079999923706055,18.086999893188477,700000,-2256.7537644678528,3.768792156261391
542,1623003962.1705472,47.20000076293945,18.079999923706055,18.086000442504883,700000,-2252.019851246386,4.733913221466542
543,1623003963.2572253,46.70000076293945,28.889999389648438,19.166000366210938,700000,-2247.2864109121565,4.733440334229703
544,1623003964.3465,46.70000076293945,18.079999923706055,19.165000915527344,700000,-2242.955695546791,4.330715365365354
545,1623003965.4310708,48.20000076293945,18.079999923706055,19.163999557495117,700000,-2238.3539493218286,4.6017462249625325
546,1623003966.5161076,47.20000076293945,18.079999923706055,19.163000106811523,700000,-2233.4944142397703,4.859535082058484
547,1623003967.604088,46.20000076293945,18.079999923706055,19.16200065612793,700000,-2228.894094240656,4.600319999114369
548,1623003968.6915598,47.20000076293945,18.06999969482422,19.15999984741211,700000,-2224.1635046907177,4.730589549938662
549,1623003969.7788932,46.70000076293945,18.06999969482422,19.159000396728516,700000,-2219.433391910865,4.730112779852851
550,1623003970.8663015,46.70000076293945,18.06999969482422,19.158000946044922,700000,-2214.7037573669427,4.729634543922037
551,1623003971.9502022,46.70000076293945,18.06999969482422,19.156999588012695,700000,-2209.847083060903,4.856674306039777
552,1623003973.0395434,46.20000076293945,18.06999969482422,19.1560001373291,700000,-2206.2263334473982,3.6207496135046364
553,1623003974.1257105,47.70000076293945,18.059999465942383,18.072999954223633,700000,-2202.342943409962,3.88339003743622
554,1623003975.2120647,46.70000076293945,18.059999465942383,18.070999145507812,700000,-2198.5924602515975,3.750483158364837
