,TEMP,UTIL,AVG_UTIL,FREQ,AVG_EP_REW
0,56.0,100.0,10.0,1400000,-1
1,57.400001525878906,100.0,20.0,1400000,-1
2,56.400001525878906,100.0,30.0,1400000,0
3,56.0,100.0,40.0,1400000,0
4,57.900001525878906,100.0,50.0,900000,0
5,56.400001525878906,100.0,60.0,1400000,0
6,57.900001525878906,100.0,70.0,1400000,0
7,57.900001525878906,100.0,80.0,1400000,1
8,57.400001525878906,100.0,90.0,1400000,2
9,57.900001525878906,100.0,100.0,1400000,3
10,58.900001525878906,100.0,100.0,1400000,4
11,58.400001525878906,99.5,99.94999694824219,1400000,5
12,57.900001525878906,100.0,99.94999694824219,1400000,6
13,58.900001525878906,100.0,99.94999694824219,1500000,7
14,58.900001525878906,100.0,99.94999694824219,1400000,8
15,58.900001525878906,99.25,99.875,1200000,9
16,59.400001525878906,100.0,99.875,1400000,10
17,58.900001525878906,100.0,99.875,1400000,11
18,58.900001525878906,100.0,99.875,1400000,12
19,59.900001525878906,100.0,99.875,900000,13
20,58.400001525878906,99.75,99.8499984741211,1400000,14
21,59.900001525878906,100.0,99.9000015258789,1400000,15
22,58.900001525878906,100.0,99.9000015258789,1400000,5
23,60.29999923706055,100.0,99.9000015258789,1400000,6
24,58.900001525878906,99.25,99.82499694824219,1100000,7
25,59.900001525878906,100.0,99.9000015258789,1400000,8
26,59.400001525878906,100.0,99.9000015258789,1200000,9
27,59.400001525878906,100.0,99.9000015258789,900000,10
28,58.900001525878906,100.0,99.9000015258789,900000,11
29,58.900001525878906,99.75,99.875,900000,12
30,58.900001525878906,100.0,99.9000015258789,1400000,13
31,58.900001525878906,100.0,99.9000015258789,1400000,14
32,59.400001525878906,100.0,99.9000015258789,1400000,15
33,59.900001525878906,100.0,99.9000015258789,900000,16
34,58.900001525878906,100.0,99.9749984741211,1400000,17
35,59.400001525878906,99.5,99.92500305175781,1400000,18
36,59.900001525878906,100.0,99.92500305175781,600000,19
37,57.900001525878906,99.25,99.8499984741211,1400000,20
38,59.900001525878906,100.0,99.8499984741211,1400000,21
39,59.900001525878906,100.0,99.875,1400000,22
40,59.900001525878906,100.0,99.875,1200000,12
41,60.29999923706055,100.0,99.875,900000,13
42,59.900001525878906,100.0,99.875,900000,14
43,58.900001525878906,100.0,99.875,900000,4
44,60.29999923706055,99.75,99.8499984741211,700000,5
45,58.400001525878906,99.5,99.8499984741211,1400000,-5
46,60.29999923706055,100.0,99.8499984741211,1200000,-4
47,59.400001525878906,100.0,99.92500305175781,1100000,-3
48,58.900001525878906,100.0,99.92500305175781,900000,-2
49,59.400001525878906,100.0,99.92500305175781,900000,-1
50,59.400001525878906,100.0,99.92500305175781,1400000,0
51,59.400001525878906,100.0,99.92500305175781,1400000,1
52,59.900001525878906,100.0,99.92500305175781,900000,2
53,59.400001525878906,100.0,99.92500305175781,1400000,-8
54,60.29999923706055,100.0,99.94999694824219,900000,-7
55,59.900001525878906,100.0,100.0,700000,-6
56,58.400001525878906,100.0,100.0,900000,-5
57,59.900001525878906,100.0,100.0,1200000,-4
58,59.400001525878906,100.0,100.0,1200000,-3
59,58.900001525878906,100.0,100.0,900000,-2
60,59.400001525878906,100.0,100.0,900000,-1
61,59.900001525878906,100.0,100.0,900000,0
62,59.900001525878906,100.0,100.0,1400000,1
63,59.900001525878906,100.0,100.0,1400000,-9
64,60.79999923706055,100.0,100.0,1200000,-19
65,60.79999923706055,100.0,100.0,1200000,-29
66,61.29999923706055,100.0,100.0,1200000,-28
67,59.900001525878906,100.0,100.0,700000,-27
68,59.900001525878906,100.0,100.0,900000,-26
69,59.900001525878906,99.5,99.94999694824219,1400000,-36
70,60.79999923706055,100.0,99.94999694824219,1400000,-46
71,60.29999923706055,100.0,99.94999694824219,900000,-56
72,60.79999923706055,100.0,99.94999694824219,1400000,-66
73,61.79999923706055,100.0,99.94999694824219,900000,-65
74,59.900001525878906,100.0,99.94999694824219,1500000,-75
75,60.29999923706055,100.0,99.94999694824219,1400000,-85
76,61.29999923706055,100.0,99.94999694824219,1300000,-95
77,62.29999923706055,100.0,99.94999694824219,1400000,-105
78,62.29999923706055,100.0,99.94999694824219,1400000,-115
79,61.79999923706055,100.0,100.0,1300000,-125
80,61.79999923706055,100.0,100.0,1400000,-135
81,61.79999923706055,100.0,100.0,1400000,-145
82,62.29999923706055,100.0,100.0,1400000,-155
83,61.29999923706055,100.0,100.0,1400000,-165
84,62.29999923706055,100.0,100.0,900000,-175
85,61.79999923706055,99.75,99.9749984741211,900000,-185
86,60.29999923706055,100.0,99.9749984741211,900000,-195
87,61.29999923706055,99.75,99.94999694824219,900000,-205
88,61.29999923706055,100.0,99.94999694824219,900000,-204
89,59.900001525878906,99.5,99.9000015258789,900000,-214
90,60.79999923706055,100.0,99.9000015258789,900000,-224
91,60.79999923706055,100.0,99.9000015258789,600000,-223
92,59.400001525878906,99.5,99.8499984741211,900000,-222
93,59.400001525878906,100.0,99.8499984741211,900000,-221
94,58.900001525878906,100.0,99.8499984741211,900000,-220
95,59.400001525878906,99.75,99.8499984741211,900000,-230
96,60.29999923706055,100.0,99.8499984741211,900000,-229
97,58.900001525878906,100.0,99.875,900000,-228
98,59.900001525878906,99.75,99.8499984741211,1300000,-238
99,60.29999923706055,99.25,99.82499694824219,700000,-237
100,59.400001525878906,100.0,99.82499694824219,700000,-236
101,59.900001525878906,100.0,99.82499694824219,700000,-235
102,59.400001525878906,99.75,99.8499984741211,700000,-234
103,58.400001525878906,100.0,99.8499984741211,700000,-233
104,58.400001525878906,100.0,99.8499984741211,700000,-232
105,58.400001525878906,100.0,99.875,700000,-231
106,58.400001525878906,100.0,99.875,900000,-232
107,56.900001525878906,19.290000915527344,91.80400085449219,1200000,-1
108,56.400001525878906,19.290000915527344,83.75800323486328,900000,-1
109,56.900001525878906,19.280000686645508,75.76100158691406,700000,-1
110,55.5,19.280000686645508,67.68900299072266,900000,-1
111,56.0,19.280000686645508,59.617000579833984,900000,-1
112,54.5,19.280000686645508,51.56999969482422,900000,-1
113,54.5,19.270000457763672,43.49700164794922,600000,-1
114,55.0,19.270000457763672,35.42399978637695,1400000,-1
115,55.0,19.270000457763672,27.35099983215332,1100000,-1
116,54.0,19.270000457763672,19.277999877929688,1100000,-1
117,53.5,19.260000228881836,19.274999618530273,1100000,-1
118,54.5,19.260000228881836,19.27199935913086,1100000,-1
119,54.0,19.260000228881836,19.270000457763672,1100000,-1
120,53.5,19.260000228881836,19.26799964904785,1100000,-1
121,54.0,19.25,19.264999389648438,1100000,-1
122,54.0,19.25,19.261999130249023,600000,-1
123,53.0,19.25,19.260000228881836,1100000,-1
124,53.5,19.239999771118164,19.256999969482422,1100000,-1
125,53.0,19.239999771118164,19.253999710083008,1100000,-1
126,53.0,19.239999771118164,19.250999450683594,1100000,-1
127,54.0,19.239999771118164,19.249000549316406,1100000,-1
128,53.0,19.229999542236328,19.246000289916992,1100000,-1
129,53.5,19.229999542236328,19.243000030517578,1100000,-1
130,53.0,19.229999542236328,19.239999771118164,1100000,-1
131,52.5,19.219999313354492,19.23699951171875,1100000,-1
132,52.5,19.219999313354492,19.233999252319336,800000,-1
133,53.0,19.219999313354492,19.231000900268555,1100000,-1
134,52.5,19.219999313354492,19.229000091552734,1100000,-1
135,52.099998474121094,19.209999084472656,19.22599983215332,1100000,-1
136,52.099998474121094,19.209999084472656,19.222999572753906,1100000,-1
137,52.099998474121094,19.209999084472656,19.219999313354492,900000,-1
138,53.5,19.200000762939453,19.216999053955078,1300000,-1
139,53.0,19.200000762939453,19.214000701904297,1300000,-1
140,52.5,19.200000762939453,19.211000442504883,1300000,-1
141,51.599998474121094,19.200000762939453,19.208999633789062,1300000,-1
142,52.099998474121094,19.190000534057617,19.20599937438965,1300000,-1
143,51.099998474121094,19.190000534057617,19.202999114990234,1300000,-1
144,53.0,19.190000534057617,19.200000762939453,1300000,-1
145,52.099998474121094,19.18000030517578,19.19700050354004,1300000,-1
146,52.5,19.18000030517578,19.194000244140625,1300000,-1
147,52.099998474121094,19.18000030517578,19.19099998474121,1300000,-1
148,52.5,19.18000030517578,19.18899917602539,1300000,-1
149,51.599998474121094,19.170000076293945,19.18600082397461,1300000,-1
150,52.099998474121094,19.170000076293945,19.183000564575195,700000,-1
151,51.599998474121094,19.170000076293945,19.18000030517578,700000,-1
152,51.099998474121094,19.170000076293945,19.17799949645996,1300000,-1
153,52.5,19.15999984741211,19.174999237060547,1300000,-1
154,52.099998474121094,19.15999984741211,19.172000885009766,1300000,-1
155,52.099998474121094,19.15999984741211,19.170000076293945,1300000,-1
156,51.599998474121094,19.149999618530273,19.16699981689453,700000,-1
157,51.599998474121094,19.149999618530273,19.163999557495117,1100000,-1
158,50.099998474121094,19.149999618530273,19.160999298095703,700000,-1
159,51.599998474121094,19.149999618530273,19.159000396728516,1100000,-1
160,51.099998474121094,19.139999389648438,19.1560001373291,1100000,-1
161,52.099998474121094,19.139999389648438,19.152999877929688,1100000,-1
162,52.099998474121094,19.139999389648438,19.149999618530273,1100000,-1
163,52.099998474121094,19.139999389648438,19.148000717163086,1100000,-1
164,50.599998474121094,19.1299991607666,19.145000457763672,1100000,-1
165,50.599998474121094,19.1299991607666,19.142000198364258,700000,-1
166,51.599998474121094,19.1299991607666,19.139999389648438,1100000,-1
167,51.599998474121094,19.1299991607666,19.13800048828125,1100000,-1
168,51.599998474121094,19.1200008392334,19.135000228881836,1100000,-1
169,51.099998474121094,19.1200008392334,19.131999969482422,700000,-1
170,50.599998474121094,19.1200008392334,19.1299991607666,700000,-1
171,52.099998474121094,19.110000610351562,19.12700080871582,700000,-1
172,51.099998474121094,19.110000610351562,19.124000549316406,700000,-1
173,51.099998474121094,19.110000610351562,19.121000289916992,700000,-1
174,50.099998474121094,19.110000610351562,19.118999481201172,700000,-1
175,51.099998474121094,19.110000610351562,19.117000579833984,800000,-1
176,51.099998474121094,19.100000381469727,19.11400032043457,800000,-1
177,50.599998474121094,19.100000381469727,19.111000061035156,800000,-1
178,51.099998474121094,19.100000381469727,19.108999252319336,800000,-1
179,50.099998474121094,19.100000381469727,19.10700035095215,800000,-1
180,50.099998474121094,19.09000015258789,19.104000091552734,800000,-1
181,51.099998474121094,19.09000015258789,19.101999282836914,800000,-1
182,50.599998474121094,19.09000015258789,19.100000381469727,800000,-1
183,50.099998474121094,19.09000015258789,19.097999572753906,800000,-1
184,51.099998474121094,19.079999923706055,19.094999313354492,1000000,-1
185,51.099998474121094,19.079999923706055,19.091999053955078,1100000,-1
186,51.099998474121094,19.079999923706055,19.09000015258789,1100000,-1
187,51.099998474121094,19.06999969482422,19.086999893188477,1200000,-1
188,51.599998474121094,19.06999969482422,19.083999633789062,1100000,-1
189,51.099998474121094,19.06999969482422,19.08099937438965,1100000,-1
190,51.099998474121094,19.06999969482422,19.07900047302246,1100000,-1
191,51.599998474121094,19.059999465942383,19.076000213623047,1100000,-1
192,49.599998474121094,19.059999465942383,19.072999954223633,1100000,-1
193,50.099998474121094,19.059999465942383,19.06999969482422,1100000,-1
194,51.099998474121094,19.059999465942383,19.06800079345703,1100000,-1
195,51.599998474121094,19.049999237060547,19.065000534057617,1100000,-1
196,50.599998474121094,19.049999237060547,19.062000274658203,1100000,-1
197,50.599998474121094,19.049999237060547,19.059999465942383,1100000,-1
198,50.599998474121094,19.049999237060547,19.058000564575195,1300000,-1
199,49.599998474121094,19.040000915527344,19.05500030517578,1400000,-1
200,50.099998474121094,19.040000915527344,19.052000045776367,1100000,-1
201,51.099998474121094,19.040000915527344,19.049999237060547,1100000,-1
202,50.099998474121094,19.030000686645508,19.047000885009766,1100000,-1
203,51.099998474121094,19.030000686645508,19.04400062561035,1100000,-1
204,50.599998474121094,19.030000686645508,19.041000366210938,1100000,-1
205,51.099998474121094,19.030000686645508,19.038999557495117,1100000,-1
206,50.599998474121094,19.020000457763672,19.035999298095703,1100000,-1
207,50.599998474121094,19.020000457763672,19.033000946044922,1100000,-1
208,50.599998474121094,19.020000457763672,19.030000686645508,1100000,-1
209,50.599998474121094,19.010000228881836,19.027000427246094,1100000,-1
210,49.599998474121094,19.010000228881836,19.02400016784668,1100000,-1
211,51.099998474121094,19.010000228881836,19.020999908447266,1100000,-1
212,49.599998474121094,19.010000228881836,19.018999099731445,700000,-1
213,51.099998474121094,19.0,19.016000747680664,1400000,-1
214,51.599998474121094,19.0,19.01300048828125,700000,-1
215,51.099998474121094,19.0,19.010000228881836,1400000,-1
216,51.099998474121094,19.0,19.007999420166016,1400000,-1
217,50.599998474121094,18.989999771118164,19.0049991607666,1400000,-1
218,50.099998474121094,18.989999771118164,19.00200080871582,1400000,-1
219,50.099998474121094,18.989999771118164,19.0,1100000,-1
220,49.099998474121094,18.979999542236328,18.996999740600586,1100000,-1
221,50.099998474121094,18.979999542236328,18.993999481201172,1100000,-1
222,50.599998474121094,18.979999542236328,18.990999221801758,1100000,-1
223,50.099998474121094,18.979999542236328,18.98900032043457,1100000,-1
224,50.099998474121094,18.969999313354492,18.986000061035156,1100000,-1
225,51.099998474121094,18.969999313354492,18.982999801635742,1100000,-1
226,50.099998474121094,18.969999313354492,18.979999542236328,700000,-1
227,49.599998474121094,18.969999313354492,18.97800064086914,700000,-1
228,50.099998474121094,18.959999084472656,18.975000381469727,700000,-1
229,50.099998474121094,18.959999084472656,18.972000122070312,700000,-1
230,49.599998474121094,18.959999084472656,18.969999313354492,700000,-1
231,51.099998474121094,18.959999084472656,18.968000411987305,700000,-1
232,49.099998474121094,18.950000762939453,18.96500015258789,700000,-1
233,49.099998474121094,18.950000762939453,18.961999893188477,700000,-1
234,50.599998474121094,18.950000762939453,18.959999084472656,700000,-1
235,50.599998474121094,18.950000762939453,18.95800018310547,700000,-1
236,50.099998474121094,18.940000534057617,18.954999923706055,700000,-1
237,50.599998474121094,18.940000534057617,18.95199966430664,700000,-1
238,50.099998474121094,18.940000534057617,18.950000762939453,700000,-1
239,49.599998474121094,18.940000534057617,18.947999954223633,700000,-1
240,49.599998474121094,18.93000030517578,18.94499969482422,700000,-1
241,49.599998474121094,18.93000030517578,18.941999435424805,900000,-1
242,49.099998474121094,18.93000030517578,18.940000534057617,1300000,-1
243,49.599998474121094,18.93000030517578,18.937999725341797,700000,-1
244,50.099998474121094,18.920000076293945,18.934999465942383,700000,-1
245,50.599998474121094,18.920000076293945,18.93199920654297,700000,-1
246,50.099998474121094,18.920000076293945,18.93000030517578,700000,-1
247,50.099998474121094,18.920000076293945,18.92799949645996,700000,-1
248,49.599998474121094,18.920000076293945,18.926000595092773,700000,-1
249,49.599998474121094,18.90999984741211,18.92300033569336,700000,-1
250,50.099998474121094,18.90999984741211,18.92099952697754,1000000,-1
251,50.099998474121094,18.90999984741211,18.91900062561035,700000,-1
252,50.099998474121094,18.899999618530273,18.916000366210938,700000,-1
253,50.099998474121094,18.899999618530273,18.913000106811523,600000,-1
254,48.70000076293945,18.899999618530273,18.910999298095703,1400000,-1
255,50.099998474121094,18.899999618530273,18.909000396728516,700000,-1
256,49.099998474121094,18.889999389648438,18.9060001373291,700000,-1
257,51.099998474121094,18.889999389648438,18.902999877929688,700000,-1
258,50.099998474121094,18.889999389648438,18.899999618530273,700000,-1
259,49.599998474121094,18.889999389648438,18.898000717163086,1300000,-1
260,51.099998474121094,18.889999389648438,18.895999908447266,1000000,-1
261,50.099998474121094,18.8799991607666,18.89299964904785,700000,-1
262,49.599998474121094,18.8799991607666,18.891000747680664,700000,-1
263,49.099998474121094,18.8799991607666,18.888999938964844,700000,-1
264,50.099998474121094,18.8700008392334,18.88599967956543,900000,-1
265,49.599998474121094,18.8700008392334,18.882999420166016,900000,-1
266,50.099998474121094,18.8700008392334,18.881000518798828,900000,-1
267,50.099998474121094,18.8700008392334,18.878999710083008,900000,-1
268,50.599998474121094,18.860000610351562,18.875999450683594,900000,-1
269,49.599998474121094,18.860000610351562,18.87299919128418,900000,-1
270,49.599998474121094,18.860000610351562,18.8700008392334,900000,-1
271,51.599998474121094,18.860000610351562,18.868000030517578,900000,-1
272,49.599998474121094,18.850000381469727,18.864999771118164,900000,-1
273,49.599998474121094,18.850000381469727,18.86199951171875,1400000,-1
274,49.599998474121094,18.850000381469727,18.860000610351562,900000,-1
275,50.099998474121094,18.850000381469727,18.857999801635742,900000,-1
276,50.099998474121094,18.84000015258789,18.854999542236328,900000,-1
277,50.599998474121094,18.84000015258789,18.851999282836914,900000,-1
278,49.099998474121094,18.84000015258789,18.850000381469727,900000,-1
279,49.599998474121094,18.84000015258789,18.847999572753906,900000,-1
280,50.099998474121094,18.829999923706055,18.844999313354492,900000,-1
281,49.599998474121094,18.829999923706055,18.841999053955078,900000,-1
282,49.599998474121094,18.829999923706055,18.84000015258789,1400000,-1
283,50.099998474121094,18.829999923706055,18.83799934387207,1400000,-1
284,49.599998474121094,18.81999969482422,18.834999084472656,1100000,-1
285,50.099998474121094,18.81999969482422,18.832000732421875,700000,-1
286,50.099998474121094,18.81999969482422,18.829999923706055,1100000,-1
287,49.599998474121094,18.81999969482422,18.827999114990234,1100000,-1
288,49.599998474121094,18.809999465942383,18.825000762939453,700000,-1
289,49.099998474121094,18.809999465942383,18.82200050354004,1100000,-1
290,49.599998474121094,18.809999465942383,18.81999969482422,800000,-1
291,49.099998474121094,18.799999237060547,18.816999435424805,1100000,-1
292,51.099998474121094,18.799999237060547,18.81399917602539,800000,-1
293,50.099998474121094,18.799999237060547,18.81100082397461,700000,-1
294,50.099998474121094,18.799999237060547,18.80900001525879,700000,-1
295,49.599998474121094,18.790000915527344,18.805999755859375,1300000,-1
296,49.599998474121094,18.790000915527344,18.80299949645996,700000,-1
297,49.599998474121094,18.790000915527344,18.799999237060547,700000,-1
298,49.599998474121094,18.790000915527344,18.79800033569336,700000,-1
299,50.099998474121094,18.780000686645508,18.795000076293945,700000,-1
300,49.599998474121094,18.780000686645508,18.79199981689453,700000,-1
301,49.599998474121094,18.780000686645508,18.790000915527344,700000,-1
302,49.099998474121094,18.780000686645508,18.788000106811523,700000,-1
303,49.599998474121094,18.780000686645508,18.785999298095703,700000,-1
304,49.099998474121094,18.770000457763672,18.783000946044922,700000,-1
305,49.599998474121094,18.770000457763672,18.7810001373291,700000,-1
306,49.599998474121094,18.770000457763672,18.77899932861328,700000,-1
307,49.599998474121094,18.770000457763672,18.777000427246094,700000,-1
308,50.599998474121094,18.760000228881836,18.77400016784668,700000,-1
309,49.599998474121094,18.760000228881836,18.77199935913086,1400000,-1
310,49.099998474121094,18.760000228881836,18.770000457763672,700000,-1
311,50.099998474121094,18.760000228881836,18.76799964904785,1400000,-1
312,50.099998474121094,18.75,18.764999389648438,700000,-1
313,49.099998474121094,18.75,18.761999130249023,700000,-1
314,49.599998474121094,18.75,18.760000228881836,700000,-1
315,50.599998474121094,18.75,18.757999420166016,800000,-1
316,49.599998474121094,18.739999771118164,18.7549991607666,800000,-1
317,49.599998474121094,18.739999771118164,18.75200080871582,800000,-1
318,49.599998474121094,50.650001525878906,21.94099998474121,900000,-1
319,50.099998474121094,18.75,21.940000534057617,700000,-1
320,50.099998474121094,18.75,21.93899917602539,700000,-1
321,50.599998474121094,18.75,21.937999725341797,700000,-1
322,50.099998474121094,18.739999771118164,21.937000274658203,700000,-1
323,49.599998474121094,20.100000381469727,22.07200050354004,700000,-1
324,50.599998474121094,77.55000305175781,27.95199966430664,1100000,-1
325,52.099998474121094,88.19000244140625,34.895999908447266,1100000,-1
326,53.0,57.0,38.72200012207031,700000,0
327,52.099998474121094,80.0,44.847999572753906,700000,0
328,52.099998474121094,55.41999816894531,45.32500076293945,700000,0
329,52.5,53.25,48.775001525878906,700000,0
330,52.5,68.86000061035156,53.7859992980957,700000,0
331,52.5,52.90999984741211,57.20199966430664,700000,0
332,51.599998474121094,53.77000045776367,60.70500183105469,700000,0
333,51.599998474121094,53.27000045776367,64.02200317382812,700000,0
334,52.5,54.09000015258789,61.67599868774414,700000,0
335,51.599998474121094,53.02000045776367,58.159000396728516,700000,0
336,52.5,52.75,57.73400115966797,700000,0
337,52.5,52.7599983215332,55.0099983215332,700000,0
338,52.5,56.0,55.06800079345703,700000,0
339,52.5,53.380001068115234,55.08100128173828,700000,0
340,51.599998474121094,52.779998779296875,53.472999572753906,700000,0
341,52.099998474121094,53.029998779296875,53.48500061035156,700000,0
342,52.099998474121094,53.380001068115234,53.44599914550781,700000,0
343,52.099998474121094,53.029998779296875,53.422000885009766,1400000,0
344,53.5,51.630001068115234,53.17599868774414,700000,0
345,52.5,52.38999938964844,53.112998962402344,700000,0
346,51.599998474121094,53.52000045776367,53.189998626708984,700000,0
347,53.0,53.52000045776367,53.26599884033203,700000,0
348,52.5,54.959999084472656,53.1619987487793,700000,0
349,52.099998474121094,53.27000045776367,53.1510009765625,700000,0
350,53.0,53.15999984741211,53.18899917602539,700000,0
351,52.5,53.150001525878906,53.20100021362305,700000,0
352,51.599998474121094,52.75,53.13800048828125,700000,0
353,52.5,52.75,53.11000061035156,700000,0
354,52.5,52.7599983215332,53.222999572753906,600000,0
355,52.5,54.25,53.409000396728516,700000,0
356,52.099998474121094,53.27000045776367,53.38399887084961,700000,0
357,52.5,53.150001525878906,53.34700012207031,700000,0
358,52.099998474121094,55.099998474121094,53.361000061035156,700000,0
359,52.099998474121094,53.650001525878906,53.39899826049805,700000,0
360,52.5,53.5,53.43299865722656,700000,0
361,51.599998474121094,52.75,53.393001556396484,700000,0
362,52.099998474121094,53.619998931884766,53.47999954223633,700000,0
363,52.099998474121094,52.7599983215332,53.48099899291992,700000,0
364,52.5,53.279998779296875,53.53300094604492,700000,0
365,52.099998474121094,53.630001068115234,53.47100067138672,700000,0
366,52.5,53.04999923706055,53.44900131225586,1500000,0
367,54.0,52.119998931884766,53.34600067138672,700000,0
368,53.5,54.54999923706055,53.29100036621094,700000,0
369,52.5,52.75,53.20100021362305,700000,0
370,52.099998474121094,53.130001068115234,53.16400146484375,700000,0
371,52.5,52.75,53.16400146484375,700000,0
372,52.099998474121094,53.02000045776367,53.104000091552734,700000,0
373,52.099998474121094,53.150001525878906,53.143001556396484,700000,0
374,53.5,53.400001525878906,53.154998779296875,700000,0
375,52.5,53.75,53.16699981689453,700000,0
376,53.0,53.5,53.21200180053711,700000,0
377,53.0,53.279998779296875,53.327999114990234,700000,0
378,52.5,54.52000045776367,53.32500076293945,700000,0
379,52.099998474121094,52.27000045776367,53.277000427246094,700000,0
380,53.0,52.75,53.23899841308594,700000,0
381,52.5,52.630001068115234,53.22700119018555,700000,0
382,52.5,53.279998779296875,53.25299835205078,700000,0
383,52.5,53.5,53.28799819946289,700000,0
384,53.5,53.27000045776367,53.275001525878906,700000,0
385,52.099998474121094,53.380001068115234,53.237998962402344,700000,0
386,53.0,53.380001068115234,53.22600173950195,700000,0
387,52.099998474121094,52.880001068115234,53.18600082397461,700000,0
388,52.5,54.79999923706055,53.2140007019043,700000,0
389,52.099998474121094,52.630001068115234,53.25,700000,0
390,53.0,52.63999938964844,53.23899841308594,700000,0
391,54.0,53.619998931884766,53.3380012512207,700000,0
392,52.5,53.380001068115234,53.347999572753906,700000,0
393,52.5,53.27000045776367,53.32500076293945,700000,0
394,52.099998474121094,53.619998931884766,53.36000061035156,700000,0
395,54.0,53.380001068115234,53.36000061035156,700000,0
396,53.5,53.25,53.34700012207031,700000,0
397,52.5,52.75,53.33399963378906,700000,0
398,53.5,54.13999938964844,53.268001556396484,700000,0
399,53.0,52.63999938964844,53.26900100708008,700000,0
400,52.5,52.779998779296875,53.28300094604492,700000,0
401,53.5,53.75,53.29600143432617,700000,0
402,54.0,53.619998931884766,53.31999969482422,700000,0
403,52.5,53.150001525878906,53.30799865722656,700000,0
404,54.0,53.369998931884766,53.28300094604492,700000,0
405,53.5,53.029998779296875,53.24800109863281,700000,0
406,53.5,53.369998931884766,53.2599983215332,700000,0
407,52.099998474121094,53.349998474121094,53.31999969482422,700000,0
408,53.5,55.279998779296875,53.433998107910156,700000,0
409,52.099998474121094,52.7599983215332,53.44599914550781,700000,0
410,53.5,53.0,53.46799850463867,700000,0
411,52.5,53.5,53.44300079345703,1400000,0
412,54.5,52.36000061035156,53.31700134277344,700000,0
413,53.5,53.279998779296875,53.33000183105469,700000,0
414,52.5,53.380001068115234,53.33100128173828,700000,0
415,53.0,53.72999954223633,53.4010009765625,700000,0
416,54.0,53.0,53.36399841308594,700000,0
417,53.0,52.630001068115234,53.29199981689453,700000,0
418,53.5,54.61000061035156,53.224998474121094,700000,0
419,53.0,52.869998931884766,53.236000061035156,700000,0
420,53.5,53.25,53.26100158691406,700000,0
421,53.0,53.5,53.26100158691406,700000,0
422,53.0,53.630001068115234,53.38800048828125,700000,0
423,53.0,54.68000030517578,53.52799987792969,700000,0
424,52.5,53.5,53.540000915527344,700000,0
425,53.5,53.959999084472656,53.5629997253418,700000,0
426,53.5,53.25,53.5880012512207,700000,0
427,53.0,53.099998474121094,53.6349983215332,700000,0
428,53.5,55.45000076293945,53.71900177001953,700000,-1
429,52.5,19.520000457763672,50.38399887084961,700000,-1
430,53.0,19.520000457763672,47.01100158691406,700000,-1
431,52.099998474121094,19.520000457763672,43.612998962402344,700000,1
432,52.099998474121094,30.469999313354492,41.297000885009766,700000,0
433,51.599998474121094,19.520000457763672,37.78099822998047,700000,-1
434,52.099998474121094,19.520000457763672,34.382999420166016,700000,-1
435,51.099998474121094,19.510000228881836,30.937999725341797,600000,-1
436,52.099998474121094,19.510000228881836,27.56399917602539,700000,-1
437,51.599998474121094,19.510000228881836,24.204999923706055,700000,-1
438,52.5,19.510000228881836,20.611000061035156,900000,-1
439,53.5,81.33999633789062,26.792999267578125,1100000,-1
440,53.5,88.86000061035156,33.72700119018555,1100000,-1
441,54.0,78.69999694824219,39.64500045776367,1100000,0
442,54.5,77.94000244140625,44.391998291015625,700000,0
443,54.0,77.44000244140625,50.183998107910156,900000,0
444,55.0,76.37999725341797,55.869998931884766,700000,0
445,54.0,76.83000183105469,61.60200119018555,700000,0
446,54.0,77.36000061035156,67.38700103759766,700000,0
447,54.0,77.88999938964844,73.2249984741211,700000,0
448,53.5,77.80999755859375,79.05500030517578,700000,0
449,54.0,77.83000183105469,78.7040023803711,700000,0
450,53.5,77.88999938964844,77.60700225830078,700000,0
451,54.5,77.88999938964844,77.5260009765625,700000,0
452,54.5,77.38999938964844,77.47100067138672,700000,0
453,54.5,80.3499984741211,77.76200103759766,700000,0
454,54.5,77.13999938964844,77.83799743652344,700000,0
455,53.5,77.44000244140625,77.89900207519531,700000,0
456,53.5,78.11000061035156,77.9739990234375,700000,0
457,54.5,77.08000183105469,77.89299774169922,700000,0
458,54.5,77.38999938964844,77.85099792480469,700000,0
459,53.5,77.94000244140625,77.86199951171875,700000,0
460,54.0,76.70999908447266,77.74400329589844,700000,0
461,54.0,76.94000244140625,77.64900207519531,700000,0
462,54.0,77.11000061035156,77.62100219726562,700000,0
463,53.5,78.30000305175781,77.41600036621094,700000,0
464,54.5,77.30999755859375,77.43299865722656,900000,0
465,54.5,76.69000244140625,77.35800170898438,700000,0
466,54.5,77.75,77.3219985961914,700000,0
467,54.0,77.63999938964844,77.37799835205078,700000,0
468,54.5,77.69000244140625,77.40799713134766,700000,0
469,53.5,77.75,77.38899993896484,700000,0
470,55.0,77.63999938964844,77.48200225830078,700000,0
471,54.5,77.75,77.56300354003906,700000,0
472,55.0,77.61000061035156,77.61299896240234,700000,0
473,55.0,78.5,77.63300323486328,600000,0
474,53.5,76.83000183105469,77.58499908447266,600000,0
475,53.5,78.0,77.71600341796875,600000,0
476,54.5,77.86000061035156,77.72699737548828,700000,0
477,54.5,76.80999755859375,77.64399719238281,700000,0
478,54.0,76.7699966430664,77.552001953125,700000,0
479,54.5,76.45999908447266,77.4229965209961,700000,0
480,53.5,77.30999755859375,77.38999938964844,700000,0
481,53.5,77.13999938964844,77.3290023803711,700000,0
482,54.5,77.94000244140625,77.36199951171875,700000,0
483,53.5,79.05000305175781,77.41699981689453,700000,0
484,54.0,78.25,77.55899810791016,700000,0
485,54.5,78.11000061035156,77.56999969482422,700000,0
486,54.5,77.88999938964844,77.572998046875,700000,0
487,54.0,78.13999938964844,77.70600128173828,700000,0
488,54.0,77.75,77.80400085449219,700000,0
489,54.0,77.61000061035156,77.91899871826172,700000,0
490,55.0,77.44000244140625,77.93199920654297,700000,0
491,54.5,77.63999938964844,77.98200225830078,700000,0
492,54.5,77.69000244140625,77.95700073242188,700000,0
493,55.0,78.94999694824219,77.9469985961914,700000,0
494,54.0,78.30000305175781,77.9520034790039,700000,0
495,54.0,78.11000061035156,77.9520034790039,700000,0
496,54.0,78.19999694824219,77.98300170898438,700000,0
497,54.0,77.08000183105469,77.87699890136719,700000,0
498,53.5,77.33000183105469,77.83499908447266,700000,0
499,54.0,77.44000244140625,77.81800079345703,700000,0
500,54.0,77.38999938964844,77.81300354003906,1200000,0
501,54.5,76.5,77.6989974975586,700000,0
502,54.5,77.44000244140625,77.67400360107422,700000,0
503,54.5,79.29000091552734,77.70800018310547,700000,0
504,54.0,77.88999938964844,77.66699981689453,700000,0
505,54.0,78.25,77.68099975585938,700000,0
506,53.5,78.19999694824219,77.68099975585938,700000,0
507,54.0,77.88999938964844,77.76200103759766,700000,0
508,54.5,78.05000305175781,77.83399963378906,700000,0
509,54.0,77.94000244140625,77.88400268554688,700000,0
510,54.5,77.88999938964844,77.93399810791016,700000,0
511,54.0,77.55999755859375,78.04000091552734,700000,0
512,54.0,78.30000305175781,78.1259994506836,700000,0
513,54.5,79.69999694824219,78.16699981689453,700000,0
514,53.5,76.83000183105469,78.06099700927734,700000,0
515,54.0,76.7699966430664,77.91300201416016,700000,0
516,54.5,76.75,77.76799774169922,700000,0
517,54.0,77.19000244140625,77.697998046875,700000,0
518,55.5,77.63999938964844,77.65699768066406,700000,0
519,54.0,77.58000183105469,77.62100219726562,700000,0
520,54.0,77.13999938964844,77.5459976196289,700000,0
521,54.0,77.30999755859375,77.52100372314453,700000,0
522,54.5,77.38999938964844,77.43000030517578,700000,0
523,55.0,79.23999786376953,77.38400268554688,700000,0
524,55.0,76.56999969482422,77.35800170898438,700000,0
525,53.5,76.69000244140625,77.3499984741211,1500000,0
526,55.5,76.12999725341797,77.28800201416016,700000,0
527,55.5,77.25,77.29399871826172,700000,0
528,54.5,77.69000244140625,77.29900360107422,700000,0
529,54.0,77.69000244140625,77.30999755859375,700000,0
530,54.5,79.9000015258789,77.58599853515625,700000,0
531,54.0,76.87999725341797,77.54299926757812,700000,0
532,54.5,77.25,77.52899932861328,700000,0
533,54.0,79.3499984741211,77.54000091552734,700000,0
534,55.0,78.25,77.70800018310547,700000,0
535,54.5,78.41000366210938,77.87999725341797,700000,0
536,54.0,77.63999938964844,78.03099822998047,700000,0
537,54.0,77.19000244140625,78.0250015258789,700000,0
538,54.5,77.30999755859375,77.98699951171875,700000,0
539,54.5,77.13999938964844,77.93199920654297,700000,0
540,54.5,77.19000244140625,77.66100311279297,700000,0
541,54.5,76.94000244140625,77.66699981689453,900000,0
542,55.0,77.88999938964844,77.73100280761719,900000,-1
543,53.5,20.709999084472656,71.86699676513672,1000000,-1
544,53.0,20.709999084472656,66.11299896240234,1000000,-1
545,52.099998474121094,20.700000762939453,60.34199905395508,1000000,-1
546,52.5,20.700000762939453,54.64799880981445,1000000,-1
547,52.5,20.700000762939453,48.999000549316406,700000,-1
548,52.099998474121094,20.700000762939453,43.3380012512207,700000,-1
549,51.599998474121094,20.690000534057617,37.69300079345703,700000,-1
550,52.099998474121094,20.690000534057617,32.042999267578125,700000,-1
551,51.099998474121094,20.690000534057617,26.417999267578125,1400000,-1
552,51.099998474121094,20.690000534057617,20.697999954223633,1400000,-1
553,51.099998474121094,20.68000030517578,20.69499969482422,1400000,-1
554,51.599998474121094,20.68000030517578,20.691999435424805,1400000,-1
555,51.599998474121094,20.68000030517578,20.690000534057617,1400000,-1
556,52.099998474121094,20.68000030517578,20.687999725341797,800000,-1
557,51.099998474121094,20.670000076293945,20.684999465942383,1400000,-1
558,51.599998474121094,20.670000076293945,20.68199920654297,700000,-1
559,51.099998474121094,20.670000076293945,20.68000030517578,1400000,-1
560,52.099998474121094,20.670000076293945,20.67799949645996,1400000,-1
561,50.599998474121094,20.65999984741211,20.674999237060547,1100000,-1
562,51.099998474121094,20.65999984741211,20.672000885009766,1200000,-1
563,51.099998474121094,20.65999984741211,20.670000076293945,1200000,-1
564,51.099998474121094,20.65999984741211,20.667999267578125,1200000,-1
565,51.599998474121094,20.649999618530273,20.665000915527344,1200000,-1
566,50.099998474121094,20.649999618530273,20.66200065612793,700000,-1
567,50.099998474121094,20.649999618530273,20.65999984741211,700000,-1
568,50.599998474121094,20.649999618530273,20.658000946044922,1400000,-1
569,50.099998474121094,20.639999389648438,20.655000686645508,1400000,-1
570,51.099998474121094,20.639999389648438,20.652000427246094,800000,-1
571,51.599998474121094,20.81999969482422,20.667999267578125,800000,-1
572,52.099998474121094,20.639999389648438,20.666000366210938,800000,-1
573,51.599998474121094,40.2599983215332,22.625999450683594,1100000,-1
574,51.099998474121094,20.639999389648438,22.624000549316406,800000,-1
575,52.099998474121094,20.639999389648438,22.62299919128418,800000,-1
576,52.099998474121094,23.309999465942383,22.888999938964844,1200000,-1
577,53.0,99.75,30.798999786376953,1100000,-1
578,53.0,100.0,38.73400115966797,1100000,0
579,54.0,100.0,46.66999816894531,1100000,0
580,55.0,99.75,54.58100128173828,1400000,0
581,56.0,100.0,62.499000549316406,600000,0
582,55.5,100.0,70.43499755859375,1400000,0
583,56.0,99.75,76.38400268554688,600000,1
584,54.5,100.0,84.31999969482422,1200000,2
585,55.5,99.0,92.15599822998047,1200000,3
586,56.400001525878906,99.75,99.80000305175781,1200000,4
587,57.400001525878906,100.0,99.82499694824219,1200000,5
588,56.900001525878906,100.0,99.82499694824219,1200000,6
589,56.400001525878906,100.0,99.82499694824219,1200000,7
590,56.900001525878906,100.0,99.8499984741211,1200000,8
591,58.400001525878906,100.0,99.8499984741211,1200000,9
592,56.900001525878906,99.75,99.82499694824219,1200000,10
593,57.400001525878906,97.47000122070312,99.59700012207031,1200000,11
594,58.400001525878906,100.0,99.59700012207031,1200000,12
595,57.400001525878906,100.0,99.6969985961914,1200000,13
596,57.900001525878906,100.0,99.72200012207031,1200000,14
597,57.400001525878906,98.5,99.5719985961914,1200000,15
598,57.900001525878906,100.0,99.5719985961914,700000,16
599,57.400001525878906,100.0,99.5719985961914,700000,17
600,56.0,100.0,99.5719985961914,1200000,18
601,56.900001525878906,98.98999786376953,99.47100067138672,1200000,19
602,57.400001525878906,99.25,99.4209976196289,1200000,20
603,57.400001525878906,100.0,99.67400360107422,1200000,21
604,57.900001525878906,99.5,99.6240005493164,1500000,22
605,58.900001525878906,99.75,99.5989990234375,700000,23
606,56.900001525878906,100.0,99.5989990234375,700000,24
607,56.900001525878906,99.25,99.67400360107422,700000,25
608,56.900001525878906,100.0,99.67400360107422,700000,26
609,56.900001525878906,99.75,99.64900207519531,700000,27
610,55.5,99.5,99.5989990234375,1200000,28
611,57.400001525878906,100.0,99.69999694824219,1200000,29
612,57.400001525878906,99.75,99.75,1400000,30
613,57.900001525878906,99.75,99.7249984741211,700000,31
614,56.900001525878906,100.0,99.7750015258789,700000,32
615,56.900001525878906,100.0,99.80000305175781,700000,33
616,56.900001525878906,100.0,99.80000305175781,700000,34
617,56.900001525878906,99.5,99.82499694824219,700000,35
618,56.0,100.0,99.82499694824219,700000,36
619,56.400001525878906,100.0,99.8499984741211,700000,37
620,56.400001525878906,99.5,99.8499984741211,700000,38
621,56.400001525878906,100.0,99.8499984741211,700000,39
622,55.0,100.0,99.875,700000,40
623,56.0,100.0,99.9000015258789,700000,41
624,56.400001525878906,99.75,99.875,700000,42
625,56.400001525878906,100.0,99.875,700000,43
626,55.5,100.0,99.875,700000,44
627,55.5,100.0,99.92500305175781,1200000,45
628,56.900001525878906,100.0,99.92500305175781,700000,46
629,56.400001525878906,100.0,99.92500305175781,1200000,47
630,57.400001525878906,100.0,99.9749984741211,1200000,48
631,58.400001525878906,100.0,99.9749984741211,700000,49
632,56.400001525878906,99.75,99.94999694824219,700000,50
633,56.400001525878906,100.0,99.94999694824219,700000,51
634,56.400001525878906,100.0,99.9749984741211,700000,52
635,56.400001525878906,100.0,99.9749984741211,700000,53
636,56.0,100.0,99.9749984741211,700000,54
637,56.0,99.5,99.92500305175781,700000,55
638,55.5,99.5,99.875,700000,56
639,56.0,100.0,99.875,700000,57
640,56.400001525878906,99.75,99.8499984741211,1400000,58
641,56.900001525878906,100.0,99.8499984741211,1400000,59
642,58.400001525878906,99.75,99.8499984741211,700000,60
643,56.900001525878906,100.0,99.8499984741211,700000,61
644,56.900001525878906,99.5,99.80000305175781,700000,62
645,56.400001525878906,99.5,99.75,700000,63
646,56.400001525878906,99.75,99.7249984741211,700000,64
647,57.400001525878906,100.0,99.7750015258789,700000,65
648,56.400001525878906,100.0,99.82499694824219,700000,66
649,57.400001525878906,100.0,99.82499694824219,1200000,67
650,57.400001525878906,100.0,99.8499984741211,1200000,68
651,57.400001525878906,100.0,99.8499984741211,700000,69
652,57.400001525878906,99.75,99.8499984741211,1200000,70
653,58.900001525878906,100.0,99.8499984741211,700000,71
654,57.400001525878906,100.0,99.9000015258789,700000,72
655,56.900001525878906,99.75,99.92500305175781,600000,73
656,56.900001525878906,100.0,99.94999694824219,600000,74
657,56.400001525878906,99.75,99.92500305175781,700000,75
658,56.900001525878906,100.0,99.92500305175781,700000,76
659,56.400001525878906,100.0,99.92500305175781,700000,77
660,56.400001525878906,100.0,99.92500305175781,700000,78
661,56.0,100.0,99.92500305175781,1200000,79
662,57.900001525878906,99.75,99.92500305175781,700000,80
663,56.900001525878906,100.0,99.92500305175781,700000,81
664,56.0,100.0,99.92500305175781,700000,82
665,56.900001525878906,100.0,99.94999694824219,700000,83
666,56.900001525878906,100.0,99.94999694824219,700000,84
667,56.400001525878906,100.0,99.9749984741211,700000,85
668,56.400001525878906,100.0,99.9749984741211,700000,86
669,56.400001525878906,100.0,99.9749984741211,700000,87
670,56.0,100.0,99.9749984741211,700000,88
671,55.5,100.0,99.9749984741211,700000,89
672,57.400001525878906,100.0,100.0,700000,90
673,57.400001525878906,100.0,100.0,700000,91
674,55.5,100.0,100.0,700000,92
675,57.400001525878906,100.0,100.0,700000,93
676,56.0,100.0,100.0,700000,94
677,56.0,99.75,99.9749984741211,700000,95
678,56.900001525878906,100.0,99.9749984741211,700000,96
679,55.5,99.5,99.92500305175781,700000,97
680,56.900001525878906,100.0,99.92500305175781,700000,98
681,56.0,100.0,99.92500305175781,700000,98
682,55.5,57.81999969482422,95.70700073242188,1500000,97
683,55.5,22.15999984741211,87.9229965209961,1500000,-1
684,54.5,22.149999618530273,80.13800048828125,1500000,-1
685,53.0,22.149999618530273,72.35299682617188,1500000,-1
686,54.0,22.149999618530273,64.56800079345703,1500000,-1
687,54.0,22.149999618530273,56.80799865722656,700000,-1
688,53.5,22.139999389648438,49.02199935913086,700000,-1
689,53.0,22.139999389648438,41.2859992980957,700000,-1
690,53.5,22.139999389648438,33.5,700000,-1
691,53.0,22.1299991607666,25.71299934387207,900000,-1
692,52.5,22.1299991607666,22.143999099731445,900000,-1
693,53.5,22.1299991607666,22.141000747680664,900000,-1
694,52.099998474121094,22.1299991607666,22.138999938964844,900000,-1
695,52.5,22.1200008392334,22.13599967956543,900000,-1
696,52.099998474121094,22.1200008392334,22.132999420166016,900000,-1
697,52.099998474121094,22.1200008392334,22.1299991607666,1100000,-1
698,53.0,22.110000610351562,22.12700080871582,1100000,-1
699,51.599998474121094,25.260000228881836,22.43899917602539,1100000,-1
700,53.0,48.540000915527344,25.07900047302246,1100000,-1
701,53.0,22.1200008392334,25.077999114990234,900000,-1
702,52.5,22.110000610351562,25.076000213623047,700000,-1
703,51.599998474121094,22.110000610351562,25.073999404907227,700000,-1
704,52.5,100.0,32.861000061035156,1100000,0
705,55.0,99.5,40.5989990234375,1100000,0
706,54.5,99.75,48.36199951171875,700000,0
707,54.5,100.0,56.150001525878906,700000,0
708,54.5,100.0,63.93899917602539,600000,0
709,55.0,100.0,71.41300201416016,600000,0
710,55.0,100.0,76.55899810791016,600000,1
711,55.0,100.0,84.34700012207031,600000,2
712,54.5,99.75,92.11100006103516,600000,3
713,54.5,100.0,99.9000015258789,600000,4
714,54.0,100.0,99.9000015258789,700000,5
715,55.0,100.0,99.94999694824219,700000,6
716,54.5,100.0,99.9749984741211,700000,7
717,55.5,100.0,99.9749984741211,1100000,8
718,55.0,99.75,99.94999694824219,1200000,9
719,55.5,100.0,99.94999694824219,1200000,10
720,57.400001525878906,100.0,99.94999694824219,1200000,11
721,56.900001525878906,100.0,99.94999694824219,700000,12
722,56.900001525878906,100.0,99.9749984741211,700000,13
723,57.400001525878906,100.0,99.9749984741211,700000,14
724,55.0,99.75,99.94999694824219,700000,15
725,57.400001525878906,100.0,99.94999694824219,700000,16
726,55.5,100.0,99.94999694824219,700000,17
727,56.0,100.0,99.94999694824219,1200000,18
728,56.400001525878906,100.0,99.9749984741211,900000,19
729,56.900001525878906,100.0,99.9749984741211,1100000,20
730,57.400001525878906,100.0,99.9749984741211,600000,21
731,56.900001525878906,99.5,99.92500305175781,600000,22
732,56.900001525878906,100.0,99.92500305175781,700000,23
733,56.0,100.0,99.92500305175781,900000,24
734,56.900001525878906,100.0,99.94999694824219,700000,25
735,57.400001525878906,99.75,99.92500305175781,700000,26
736,56.900001525878906,100.0,99.92500305175781,700000,27
737,56.0,99.5,99.875,700000,28
738,56.0,100.0,99.875,700000,29
739,56.400001525878906,99.5,99.82499694824219,700000,30
740,56.400001525878906,100.0,99.82499694824219,700000,31
741,56.400001525878906,100.0,99.875,700000,32
742,56.0,99.75,99.8499984741211,700000,33
743,56.0,100.0,99.8499984741211,700000,34
744,56.0,100.0,99.8499984741211,700000,35
745,56.0,100.0,99.875,700000,36
746,55.5,100.0,99.875,700000,37
747,55.5,100.0,99.92500305175781,700000,38
748,56.400001525878906,100.0,99.92500305175781,700000,39
749,55.5,100.0,99.9749984741211,700000,40
750,56.0,99.25,99.9000015258789,700000,41
751,55.5,99.75,99.875,700000,42
752,56.400001525878906,100.0,99.9000015258789,700000,43
753,56.900001525878906,100.0,99.9000015258789,700000,44
754,55.5,100.0,99.9000015258789,700000,45
755,56.400001525878906,100.0,99.9000015258789,700000,46
756,55.0,100.0,99.9000015258789,700000,47
757,55.5,100.0,99.9000015258789,700000,48
758,56.0,99.5,99.8499984741211,700000,49
759,54.5,99.25,99.7750015258789,600000,50
760,56.0,99.5,99.80000305175781,700000,51
761,56.0,100.0,99.82499694824219,700000,52
762,56.0,100.0,99.82499694824219,1400000,53
763,57.900001525878906,100.0,99.82499694824219,700000,54
764,56.0,100.0,99.82499694824219,700000,55
765,56.400001525878906,99.75,99.80000305175781,1100000,56
766,56.900001525878906,100.0,99.80000305175781,700000,57
767,56.900001525878906,100.0,99.80000305175781,700000,58
768,56.900001525878906,100.0,99.8499984741211,700000,59
769,56.0,99.75,99.9000015258789,600000,60
770,56.0,100.0,99.94999694824219,1200000,61
771,56.400001525878906,100.0,99.94999694824219,700000,62
772,56.400001525878906,100.0,99.94999694824219,1400000,63
773,58.400001525878906,100.0,99.94999694824219,700000,64
774,56.900001525878906,100.0,99.94999694824219,700000,65
775,56.900001525878906,100.0,99.9749984741211,700000,66
776,56.0,99.75,99.94999694824219,700000,67
777,56.900001525878906,100.0,99.94999694824219,700000,68
778,56.900001525878906,99.75,99.92500305175781,700000,69
779,56.0,100.0,99.94999694824219,700000,70
780,56.900001525878906,99.5,99.9000015258789,1200000,71
781,58.400001525878906,99.0,99.80000305175781,700000,72
782,56.0,100.0,99.80000305175781,1200000,73
783,56.400001525878906,99.5,99.75,700000,74
784,57.400001525878906,100.0,99.75,700000,75
785,56.900001525878906,100.0,99.75,1200000,76
786,57.900001525878906,100.0,99.7750015258789,1200000,77
787,58.900001525878906,100.0,99.7750015258789,1200000,78
788,58.400001525878906,100.0,99.80000305175781,1200000,79
789,58.900001525878906,100.0,99.80000305175781,1200000,80
790,58.400001525878906,100.0,99.8499984741211,1200000,81
791,58.900001525878906,100.0,99.94999694824219,700000,82
792,57.400001525878906,100.0,99.94999694824219,700000,83
793,57.900001525878906,99.5,99.94999694824219,700000,84
794,57.400001525878906,99.5,99.9000015258789,700000,85
795,56.900001525878906,100.0,99.9000015258789,600000,86
796,57.400001525878906,100.0,99.9000015258789,1200000,87
797,58.400001525878906,100.0,99.9000015258789,1200000,88
798,58.400001525878906,100.0,99.9000015258789,1200000,89
799,59.400001525878906,100.0,99.9000015258789,900000,90
800,58.900001525878906,100.0,99.9000015258789,1200000,91
801,59.400001525878906,100.0,99.9000015258789,700000,92
802,57.400001525878906,100.0,99.9000015258789,700000,93
803,57.900001525878906,100.0,99.94999694824219,1200000,94
804,58.400001525878906,100.0,100.0,700000,95
805,58.400001525878906,99.75,99.9749984741211,700000,96
806,57.900001525878906,100.0,99.9749984741211,700000,97
807,57.900001525878906,100.0,99.9749984741211,700000,98
808,56.400001525878906,100.0,99.9749984741211,1200000,97
809,56.0,23.56999969482422,92.33200073242188,1200000,-1
810,54.5,23.56999969482422,84.68900299072266,1200000,-1
811,54.5,23.559999465942383,77.04499816894531,1200000,-1
812,54.0,23.559999465942383,69.4010009765625,1200000,-1
813,54.5,23.559999465942383,61.75699996948242,1200000,-1
814,54.5,23.549999237060547,54.11199951171875,700000,-1
815,52.5,23.549999237060547,46.492000579833984,700000,-1
816,53.5,23.549999237060547,38.84700012207031,700000,-1
817,53.0,23.549999237060547,31.20199966430664,700000,-1
818,52.5,23.540000915527344,23.555999755859375,700000,-1
819,53.5,23.540000915527344,23.55299949645996,700000,-1
820,52.5,23.540000915527344,23.549999237060547,700000,-1
821,52.5,23.540000915527344,23.54800033569336,700000,-1
822,52.5,23.530000686645508,23.545000076293945,1100000,-1
823,52.099998474121094,23.530000686645508,23.54199981689453,700000,-1
824,50.599998474121094,23.530000686645508,23.540000915527344,700000,-1
825,52.099998474121094,23.530000686645508,23.538000106811523,700000,-1
826,51.599998474121094,23.520000457763672,23.53499984741211,700000,-1
827,51.099998474121094,23.520000457763672,23.531999588012695,1100000,-1
828,52.099998474121094,23.520000457763672,23.530000686645508,800000,-1
829,51.599998474121094,23.510000228881836,23.527000427246094,1100000,-1
830,52.099998474121094,23.510000228881836,23.52400016784668,1100000,-1
831,52.099998474121094,23.510000228881836,23.520999908447266,900000,-1
832,52.099998474121094,23.510000228881836,23.518999099731445,900000,-1
833,51.599998474121094,23.5,23.516000747680664,900000,-1
834,51.599998474121094,23.5,23.51300048828125,900000,-1
835,52.099998474121094,23.5,23.510000228881836,700000,-1
836,51.599998474121094,23.5,23.507999420166016,700000,-1
837,51.599998474121094,23.489999771118164,23.5049991607666,700000,-1
838,51.599998474121094,23.489999771118164,23.50200080871582,700000,-1
839,51.599998474121094,23.489999771118164,23.5,700000,-1
840,50.599998474121094,23.489999771118164,23.49799919128418,700000,-1
841,51.599998474121094,34.77000045776367,24.624000549316406,1100000,-1
842,51.099998474121094,23.489999771118164,24.621999740600586,900000,-1
843,51.599998474121094,23.479999542236328,24.6200008392334,900000,-1
844,50.599998474121094,23.479999542236328,24.618000030517578,900000,-1
845,51.099998474121094,23.479999542236328,24.615999221801758,900000,-1
846,51.099998474121094,23.479999542236328,24.61400032043457,900000,-1
847,51.599998474121094,23.469999313354492,24.61199951171875,900000,-1
848,51.599998474121094,23.469999313354492,24.610000610351562,900000,-1
849,51.599998474121094,23.469999313354492,24.607999801635742,900000,-1
850,50.599998474121094,23.469999313354492,24.606000900268555,900000,-1
851,50.099998474121094,23.459999084472656,23.475000381469727,900000,-1
852,51.099998474121094,23.459999084472656,23.472000122070312,900000,-1
853,50.599998474121094,23.459999084472656,23.469999313354492,900000,-1
854,51.099998474121094,23.450000762939453,23.466999053955078,900000,-1
855,51.099998474121094,23.450000762939453,23.464000701904297,900000,-1
856,51.099998474121094,23.450000762939453,23.461000442504883,900000,-1
857,50.099998474121094,23.450000762939453,23.458999633789062,900000,-1
858,51.599998474121094,23.440000534057617,23.45599937438965,900000,-1
859,51.599998474121094,23.440000534057617,23.452999114990234,900000,-1
860,51.599998474121094,23.440000534057617,23.450000762939453,900000,-1
861,51.099998474121094,23.440000534057617,23.447999954223633,700000,-1
862,50.099998474121094,23.43000030517578,23.44499969482422,700000,-1
863,50.099998474121094,23.43000030517578,23.441999435424805,900000,-1
864,51.099998474121094,23.43000030517578,23.440000534057617,900000,-1
865,51.599998474121094,23.43000030517578,23.437999725341797,900000,-1
866,51.099998474121094,23.420000076293945,23.434999465942383,900000,-1
867,50.099998474121094,23.420000076293945,23.43199920654297,900000,-1
868,51.099998474121094,23.420000076293945,23.43000030517578,900000,-1
869,50.099998474121094,23.420000076293945,23.42799949645996,900000,-1
870,50.099998474121094,23.40999984741211,23.424999237060547,900000,-1
871,50.599998474121094,23.40999984741211,23.422000885009766,900000,-1
872,50.599998474121094,23.40999984741211,23.420000076293945,900000,-1
873,51.599998474121094,23.40999984741211,23.417999267578125,700000,-1
874,50.099998474121094,23.399999618530273,23.415000915527344,1400000,-1
875,50.599998474121094,23.399999618530273,23.41200065612793,1400000,-1
876,51.599998474121094,23.399999618530273,23.40999984741211,1400000,-1
877,51.099998474121094,23.389999389648438,23.406999588012695,1400000,-1
878,50.599998474121094,23.389999389648438,23.40399932861328,600000,-1
879,49.099998474121094,23.389999389648438,23.400999069213867,600000,-1
880,50.099998474121094,23.389999389648438,23.39900016784668,600000,-1
881,50.099998474121094,23.389999389648438,23.39699935913086,1400000,-1
882,50.599998474121094,23.3799991607666,23.393999099731445,1400000,-1
883,51.099998474121094,23.3799991607666,23.391000747680664,1400000,-1
884,50.599998474121094,23.3799991607666,23.388999938964844,1400000,-1
885,50.599998474121094,23.3700008392334,23.38599967956543,1100000,-1
886,50.599998474121094,23.3700008392334,23.382999420166016,1100000,-1
887,50.599998474121094,23.3700008392334,23.381000518798828,1100000,-1
888,50.599998474121094,23.360000610351562,23.378000259399414,1100000,-1
889,50.099998474121094,23.360000610351562,23.375,1100000,-1
890,50.599998474121094,23.360000610351562,23.371999740600586,1100000,-1
891,50.599998474121094,23.360000610351562,23.368999481201172,1100000,-1
892,50.599998474121094,24.809999465942383,23.511999130249023,1100000,-1
893,51.599998474121094,23.350000381469727,23.509000778198242,1100000,-1
894,50.099998474121094,23.350000381469727,23.506000518798828,1100000,-1
895,51.099998474121094,23.350000381469727,23.503999710083008,1400000,-1
896,50.099998474121094,23.350000381469727,23.50200080871582,1100000,-1
897,50.599998474121094,23.34000015258789,23.499000549316406,1100000,-1
898,50.099998474121094,23.34000015258789,23.496999740600586,1100000,-1
899,50.599998474121094,23.34000015258789,23.4950008392334,900000,-1
900,50.099998474121094,23.329999923706055,23.492000579833984,900000,-1
901,50.099998474121094,23.329999923706055,23.48900032043457,900000,-1
902,49.599998474121094,23.329999923706055,23.340999603271484,900000,-1
903,50.099998474121094,23.329999923706055,23.339000701904297,900000,-1
904,49.599998474121094,23.31999969482422,23.336000442504883,1100000,-1
905,50.599998474121094,23.31999969482422,23.33300018310547,1100000,-1
906,50.599998474121094,23.31999969482422,23.329999923706055,1100000,-1
907,50.599998474121094,23.309999465942383,23.32699966430664,1100000,-1
908,50.099998474121094,23.309999465942383,23.323999404907227,900000,-1
909,50.099998474121094,23.309999465942383,23.320999145507812,900000,-1
910,50.599998474121094,23.309999465942383,23.319000244140625,900000,-1
911,50.099998474121094,23.309999465942383,23.316999435424805,900000,-1
912,48.70000076293945,23.299999237060547,23.31399917602539,1100000,-1
913,49.099998474121094,23.299999237060547,23.31100082397461,1100000,-1
914,50.099998474121094,23.299999237060547,23.30900001525879,700000,-1
915,49.599998474121094,23.290000915527344,23.305999755859375,700000,-1
916,50.599998474121094,23.290000915527344,23.30299949645996,700000,-1
917,50.099998474121094,23.290000915527344,23.301000595092773,1100000,-1
918,50.599998474121094,23.280000686645508,23.29800033569336,1100000,-1
919,49.599998474121094,23.280000686645508,23.295000076293945,1100000,-1
920,49.599998474121094,23.280000686645508,23.29199981689453,1100000,-1
921,49.099998474121094,23.270000457763672,23.288000106811523,1100000,-1
922,49.099998474121094,23.270000457763672,23.28499984741211,1100000,-1
923,49.599998474121094,23.270000457763672,23.281999588012695,1100000,-1
924,50.099998474121094,23.260000228881836,23.277999877929688,1100000,-1
925,50.099998474121094,23.260000228881836,23.274999618530273,1100000,-1
926,49.099998474121094,23.260000228881836,23.27199935913086,1100000,-1
927,50.099998474121094,23.25,23.26799964904785,700000,-1
928,48.70000076293945,23.25,23.264999389648438,700000,-1
929,49.099998474121094,23.25,23.261999130249023,700000,-1
930,49.099998474121094,23.239999771118164,23.257999420166016,700000,-1
931,50.099998474121094,23.239999771118164,23.2549991607666,700000,-1
932,49.599998474121094,23.239999771118164,23.25200080871582,1100000,-1
933,48.70000076293945,23.239999771118164,23.249000549316406,700000,-1
934,49.599998474121094,23.229999542236328,23.246000289916992,700000,-1
935,49.099998474121094,23.229999542236328,23.243000030517578,1100000,-1
936,48.70000076293945,23.229999542236328,23.239999771118164,1100000,-1
937,49.099998474121094,23.219999313354492,23.23699951171875,1100000,-1
938,49.599998474121094,23.219999313354492,23.233999252319336,1100000,-1
939,49.099998474121094,23.219999313354492,23.231000900268555,1100000,-1
940,49.599998474121094,23.209999084472656,23.22800064086914,1100000,-1
941,49.099998474121094,23.209999084472656,23.225000381469727,1100000,-1
942,49.099998474121094,23.209999084472656,23.222000122070312,1100000,-1
943,49.599998474121094,23.200000762939453,23.218000411987305,1100000,-1
944,49.099998474121094,23.200000762939453,23.21500015258789,1100000,-1
945,49.099998474121094,23.200000762939453,23.211999893188477,1100000,-1
946,49.599998474121094,23.190000534057617,23.20800018310547,1100000,-1
947,50.099998474121094,23.190000534057617,23.204999923706055,700000,-1
948,49.099998474121094,23.190000534057617,23.20199966430664,700000,-1
949,49.099998474121094,23.18000030517578,23.197999954223633,700000,-1
950,49.599998474121094,23.18000030517578,23.19499969482422,1100000,-1
951,49.099998474121094,23.18000030517578,23.191999435424805,700000,-1
952,49.099998474121094,23.170000076293945,23.187999725341797,900000,-1
953,48.70000076293945,23.170000076293945,23.184999465942383,900000,-1
954,49.099998474121094,23.170000076293945,23.18199920654297,900000,-1
955,48.70000076293945,23.15999984741211,23.17799949645996,700000,-1
956,48.70000076293945,23.15999984741211,23.174999237060547,700000,-1
957,50.599998474121094,92.7300033569336,30.128999710083008,1100000,-1
958,51.599998474121094,98.75,37.685001373291016,700000,0
959,52.099998474121094,99.25,45.29199981689453,700000,0
960,51.099998474121094,100.0,52.9739990234375,600000,0
961,51.599998474121094,100.0,60.65599822998047,600000,0
962,51.599998474121094,100.0,68.33899688720703,600000,0
963,51.099998474121094,100.0,76.02200317382812,600000,1
964,52.5,100.0,83.70500183105469,600000,1
965,51.099998474121094,78.83999633789062,89.27300262451172,700000,0
966,51.599998474121094,23.270000457763672,89.28399658203125,1500000,-1
967,51.099998474121094,23.270000457763672,82.33799743652344,1500000,-1
968,50.599998474121094,23.270000457763672,74.79000091552734,1500000,-1
969,51.099998474121094,23.260000228881836,67.19100189208984,1500000,-1
970,51.099998474121094,23.260000228881836,59.516998291015625,1000000,-1
971,49.599998474121094,23.260000228881836,51.84299850463867,700000,-1
972,50.099998474121094,23.25,44.167999267578125,700000,-1
973,49.099998474121094,23.25,36.49300003051758,700000,-1
974,50.099998474121094,23.25,28.81800079345703,900000,-1
975,49.599998474121094,23.25,23.259000778198242,900000,-1
976,49.099998474121094,23.239999771118164,23.256000518798828,900000,-1
977,49.599998474121094,23.239999771118164,23.253000259399414,900000,-1
978,49.599998474121094,23.239999771118164,23.25,900000,-1
979,48.70000076293945,23.229999542236328,23.246999740600586,900000,-1
980,49.099998474121094,23.229999542236328,23.243999481201172,900000,-1
981,49.099998474121094,23.229999542236328,23.240999221801758,900000,-1
982,48.70000076293945,23.219999313354492,23.238000869750977,900000,-1
983,48.70000076293945,23.219999313354492,23.235000610351562,900000,-1
984,49.099998474121094,23.219999313354492,23.23200035095215,900000,-1
985,49.599998474121094,23.209999084472656,23.22800064086914,700000,-1
986,49.099998474121094,23.209999084472656,23.225000381469727,900000,-1
987,50.099998474121094,23.209999084472656,23.222000122070312,900000,-1
988,48.20000076293945,23.200000762939453,23.218000411987305,900000,-1
989,48.70000076293945,23.200000762939453,23.21500015258789,900000,-1
990,48.70000076293945,23.200000762939453,23.211999893188477,900000,-1
991,49.099998474121094,23.190000534057617,23.20800018310547,900000,-1
992,49.099998474121094,23.190000534057617,23.204999923706055,900000,-1
993,49.599998474121094,23.190000534057617,23.20199966430664,900000,-1
994,48.70000076293945,23.18000030517578,23.197999954223633,900000,-1
995,49.599998474121094,23.18000030517578,23.19499969482422,1100000,-1
996,48.70000076293945,23.18000030517578,23.191999435424805,700000,-1
997,50.099998474121094,23.170000076293945,23.187999725341797,1100000,-1
998,49.099998474121094,23.170000076293945,23.184999465942383,1100000,-1
999,49.099998474121094,23.170000076293945,23.18199920654297,900000,-1
1000,49.599998474121094,23.15999984741211,23.17799949645996,900000,-1
1001,49.099998474121094,23.15999984741211,23.174999237060547,1300000,-1
1002,49.099998474121094,23.15999984741211,23.172000885009766,900000,-1
1003,49.099998474121094,23.149999618530273,23.167999267578125,1400000,-1
1004,50.599998474121094,100.0,30.850000381469727,1400000,-1
1005,52.5,98.5,38.38199996948242,1400000,0
1006,53.5,99.75,46.03900146484375,1400000,0
1007,53.5,100.0,53.72200012207031,1400000,0
1008,54.5,100.0,61.404998779296875,1400000,0
1009,55.0,99.75,69.06300354003906,600000,0
1010,54.5,100.0,76.74700164794922,1400000,1
1011,54.5,99.75,84.40599822998047,600000,2
1012,54.0,100.0,92.08999633789062,600000,3
1013,53.5,100.0,99.7750015258789,1500000,4
1014,55.0,100.0,99.7750015258789,1500000,5
1015,56.0,99.75,99.9000015258789,700000,6
1016,55.0,99.0,99.82499694824219,1500000,7
1017,56.0,99.75,99.80000305175781,1400000,8
1018,56.400001525878906,100.0,99.80000305175781,700000,9
1019,56.400001525878906,99.0,99.7249984741211,700000,10
1020,55.5,100.0,99.7249984741211,1200000,11
1021,56.400001525878906,100.0,99.75,600000,12
1022,54.5,100.0,99.75,1200000,13
1023,56.0,99.75,99.7249984741211,1500000,14
1024,56.0,100.0,99.7249984741211,900000,15
1025,56.0,100.0,99.75,900000,16
1026,55.5,100.0,99.8499984741211,900000,17
1027,55.5,100.0,99.875,700000,18
1028,56.400001525878906,99.5,99.82499694824219,1200000,19
1029,56.0,100.0,99.92500305175781,700000,18
1030,54.5,23.989999771118164,92.3239974975586,1000000,-1
1031,53.5,23.5,84.67400360107422,800000,-1
1032,53.0,23.489999771118164,77.02300262451172,800000,-1
1033,52.5,23.489999771118164,69.39700317382812,800000,-1
1034,52.099998474121094,23.489999771118164,61.74599838256836,800000,-1
1035,52.099998474121094,23.489999771118164,54.095001220703125,800000,-1
1036,51.099998474121094,23.479999542236328,46.44300079345703,800000,-1
1037,51.599998474121094,23.479999542236328,38.79100036621094,800000,-1
1038,51.599998474121094,23.479999542236328,31.18899917602539,800000,-1
1039,51.599998474121094,23.469999313354492,23.535999298095703,800000,-1
1040,50.099998474121094,23.469999313354492,23.483999252319336,800000,-1
1041,51.599998474121094,23.469999313354492,23.481000900268555,800000,-1
1042,51.599998474121094,23.469999313354492,23.479000091552734,800000,-1
1043,50.099998474121094,23.459999084472656,23.47599983215332,800000,-1
1044,50.599998474121094,23.459999084472656,23.472999572753906,800000,-1
1045,51.599998474121094,23.459999084472656,23.469999313354492,800000,-1
1046,50.599998474121094,23.459999084472656,23.468000411987305,900000,-1
